id,title,content,created_at,updated_at,archived,published_at,img,user_id
1,# Comment gÃ©rer les remontÃ©es acides et brÃ»lures dâ€™estomac ?,"## Des astuces simples tout au long de la journÃ©e

Enceinte, quand onÂ souffreÂ deÂ **remontÃ©es acides**Â et deÂ **brÃ»lures d'estomac**, les repas un peu plus copieux et lourds Ã  digÃ©rer risquent d'aggraver lesÂ symptÃ´mes.
<br><br>
![image.png](/images/articles/Comment_gerer_les_remontees_acides_et_brulures__1272dc3e18694cd7b3ec441c9661b66d/image.png)
<br><br>
Il n'est pas toujours facile d'imposer un repas lÃ©ger lors des repas de fÃªtes ou rÃ©unions de famille, alors, voiciÂ **trois astuces pour gÃ©rer les repas copieux tout au long de la journÃ©e**Â :

- **PENDANT LE REPAS :Â Manger doucement par petites quantitÃ©s**
    
    Pour diminuer le travail de votre estomac et donc les remontÃ©es acides, il est conseillÃ© d'Ã©viter de le surcharger. Alors, servez-vous de chaque plat en petites quantitÃ©s et prenez le temps de bien mÃ¢cher. N'hÃ©sitez pas Ã  faire des pauses entre les plats.Â Votre estomac en sera plus heureux :)
<br> <br/> 
- **APRES LE REPAS :Â Eviter de se coucher directement**
    
    La position allongÃ©e accentue les remontÃ©es acides, car l'estomac se retrouve au mÃªme niveau que l'Å“sophage, ce qui provoque des reflux. C'est pourquoi,Â il est recommandÃ© dâ€™attendre 3h aprÃ¨s le repas avant de se coucher (Ã§a compte aussi pour la sieste aprÃ¨s le dÃ©jeuner). Il n'est pas nÃ©cessaire de resterÂ debout pendant 3h, mais une position assise
<br><br/> 
- **PENDANT LA NUIT :**Â **Dormir avec la tÃªte sur-Ã©levÃ©e**
    
    UtilisezÂ deux coussins confortables pour soutenirÂ votre tÃªte, cela permettra que l'Å“sophage et la gorge soit lÃ©gÃ¨rement au-dessus de l'estomac et limitera les refluxÂ pendant laÂ nuit.
    
<br><br><br><br>
<aside>
ğŸ’¡ Le saviez-vous ?Â ğŸ’¡

LesÂ **remontÃ©es acides**Â (ou brÃ»lures dâ€™estomac) peuvent Ãªtre prÃ©sentes dÃ¨s le dÃ©but de la grossesse (y compris quand le fÅ“tus est encore tout petit).

On entend souvent dire que la pression du bÃ©bÃ© sur lâ€™estomac crÃ©e les remontÃ©es acides pendant la grossesse, maisÂ il nâ€™y a pas dâ€™Ã©tudes scientifiquesÂ qui le montrent rÃ©ellement. Les remontÃ©es acidesÂ sont principalement dues Ã  des modifications hormonales (augmentation de la progestÃ©rone).

</aside>",2023-06-10 13:31:38,2023-06-13 07:28:57,0,2023-06-11,/images/articles/comment-gerer-les-remontees-acides-et-brulures-destomac.jpeg,1
2,# Comment (assez) sâ€™hydrater enceinte?,"## ***BoireÂ assez d'eauÂ :Â un rÃ©flexe santÃ© pour maman et bÃ©bÃ©Â !***
<br><br>
Pendant la grossesse, le **volume d'eau dans le corps augmente pour permettre le bon dÃ©veloppement du bÃ©bÃ©**.

Plus la grossesse avance, plus le volume d'eau accumulÃ© augmente : dansÂ l'utÃ©rus et la poitrine qui se dÃ©veloppent, dansÂ le liquide amniotique, dans le placenta mais aussi directement par le bÃ©bÃ© (*qui Ã  la naissance estÂ constituÃ© Ã  80% d'eau*).

C'est pourquoi, enceinte, il est recommandÃ© de **bien s'hydrater**. Les besoins en eau sont Ã©valuÃ©s Ã Â 2,5 litres, en considÃ©rant qu'environ 1 litre est apportÃ© par les aliments, ce qui laisse minimum **1,5 litre d'eau Ã  consommer sous forme de boissons** (eau, tisanes, etc.).
<br><br>
![image.png](/images/articles/Comment_assez_s_hydrater_enceinte_918f6a27fe1948bfa7aa33f4cdb17e4f/image.png)
<br><br><br><br>
***4 astuces pour bien sâ€™hydrater au quotidien***

1. L'hydratation dÃ©bute dÃ¨sÂ **le petit-dÃ©jeuner avec une boisson chaude**Â ou un verre d'eau.Â Pour lesÂ boissons chaudes, plusieurs options : un cafÃ© lÃ©ger (pas plus de 3 par jour), un thÃ© (pas plus de 4 par jour) ou une infusion.
2. Pendant les repas, pensez auxÂ **fruits et lÃ©gumes**, ils contiennent au minimum 80% d'eau.Â Par exemple, au dÃ®ner, avec une assiette deÂ soupe de lÃ©gumesÂ et uneÂ pomme, on apporte dÃ©jÃ Â **0,4 litre d'eau**Â !
3. Tout au long de la journÃ©e,Â Â prenez une gourde d'environ 1L avec vous, remplissez-la d'eau etÂ **buvezÂ quelques gorgÃ©es de temps en temps**Â (Ã§a aidera aussi Ã  diminuer les nausÃ©es et les remontÃ©es acides). Essayez de boire avant d'avoir soif !
4. En cette pÃ©riode hivernale (mÃªme s'il ne fait pas trÃ¨s froid), vous pouvez boire uneÂ **infusion**Â dans l'aprÃ¨s-midi ou le soir aprÃ¨s manger (s'il vous reste de la place dans l'estomac). Une tasse apporteÂ 0,25 litre d'eau.
<br><br>

ğŸ’¡ ***Le saviez-vous ?***Â ğŸ’¡

Bien s'hydrater permet aussi deÂ **limiter les troubles digestifs de la grossesse : constipation, remontÃ©es acides, nausÃ©es.**

En cas de **constipation**, il est conseillÃ© de boire des **eaux minÃ©rales naturellement riches en magnÃ©sium**, comme lâ€™*HÃ©par,* la *Contrex* ou la *Courmayeur* pour les eaux plates et la *Rozana*, la *Badoit* et la *QuÃ©zac* pour les eaux gazeuses.


<br><br><br><br>
## Eau du robinet ou en bouteille ?

Pas de gagnante ou de perdante entre les deux. Le choix vous appartient en fonction de vosÂ contraintes Ã©conomiquesÂ et Ã©cologiques.

![image.png](/images/articles/Comment_assez_s_hydrater_enceinte_918f6a27fe1948bfa7aa33f4cdb17e4f/image%201.png)
<br><br>
### ***Eau du robinet***

La qualitÃ© de l'eau du robinet est trÃ¨s contrÃ´lÃ©e.

L'eau du robinetÂ subitÂ un traitement (notamment un ajout de chlore)Â afin de respecter des rÃ©fÃ©rences de qualitÃ© obligatoires.Â 

Les rÃ©sultats sur la qualitÃ© de l'eau potable sont disponibles en ligne par commune sur le site du MinistÃ¨re de la SantÃ©. 

Vous pouvez consulter celle de votre communeÂ [ici](https://9moisacroquer.us21.list-manage.com/track/click?u=5735560ab50dabc1a7e25bb94&id=1c3b8e1d3d&e=308213d68b).
<br><br>
### ***Eau en bouteille***

Les eaux en bouteilles ne peuvent pas ÃªtreÂ traitÃ©es (en utilisant du chlore par exemple).Â L'avantage de certainesÂ eaux minÃ©ralesÂ est qu'elles contiennent deÂ fortes quantitÃ©s de minÃ©raux, Ã  favoriserÂ dans des situations particuliÃ¨res.Â Par exemple,Â la ContrexÂ®Â ou l'HÃ©parÂ®Â sont riches en magnÃ©sium quiÂ participe Ã  l'amÃ©lioration duÂ transitÂ intestinalÂ et limiteÂ la constipation.
<br><br>
### ***Carafe filtrante***

Lorsqu'on souhaite consommer de l'eau du robinet en diminuant le goÃ»t de chlore, le calcaire, le plomb et les rÃ©sidus de matiÃ¨res organiques, il est possible d'utiliser uneÂ **carafe filtrante**,Â Ã  condition deÂ :Â 

- bien nettoyerÂ la carafeÂ etÂ remplacer rÃ©guliÃ¨rementÂ la cartoucheÂ (en gÃ©nÃ©ral toutes les 4 semaines) pour Ã©viter les risques de contamination microbiologiqueÂ \;
- conserver la carafe filtranteÂ au rÃ©frigÃ©rateurÂ et consommer lâ€™eau filtrÃ©e rapidement, idÃ©alement dans les 24 heures.Â Le chlore Ã©tantÂ neutralisÃ©, les bactÃ©ries peuvent de nouveau se dÃ©velopper.
<br><br>


ğŸ’¡ ***Le saviez-vous ?***Â ğŸ’¡

Toutes les eaux ne peuvent pas Ãªtre utilisÃ©es pour l'alimentation des nourrissons.

Des limites de qualitÃ© spÃ©cifiques sont Ã  respecter pour que la mention Â« **convient Ã  lâ€™alimentation des nourrissons** Â» soit affichÃ©e sur lâ€™Ã©tiquette des eaux minÃ©rales naturelles et de source.

Lorsque bÃ©bÃ© sera nÃ©, pensez Ã  bien vÃ©rifier l'Ã©tiquette des eaux en bouteille, si vous souhaitez lui en donner.",2023-06-10 13:31:38,2023-06-13 07:30:15,0,2023-06-12,/images/articles/comment-assez-shydrater-enceinte.jpeg,1
3,# 5 astuces pour mieux gÃ©rer les nausÃ©es,"LesÂ **nausÃ©es**Â de grossesse sont aussi appelÃ©es \""*nausÃ©es matinales*\"" car elles apparaissent souvent le matin, lorsqu'on est Ã  jeun.Â A priori, les nausÃ©es devraient Ãªtre moins fortes avant le repas du midi ou soir, mais au cas oÃ¹, voici quelques petits conseils :

![Astuce #1 -2.png](/images/articles/5_astuces_pour_mieux_gerer_les_nausees_32d3a26e57a8413f9ed4ca426ad2777e/Astuce_1_-2.png)

<br><br>
- **Boire 1,5 Ã  2L d'eau par jour**
    
    Câ€™est la premiÃ¨re astuce Ã  appliquer ! Les besoins en eau augmentent pendant la grossesse pour bien hydrater maman et bÃ©bÃ©. Les nausÃ©es et vomissements augmentent le risque de dÃ©shydratation. Plus vous Ãªtes dÃ©shydratÃ©e, plus les nausÃ©es sont fortesâ€¦
    
    **Buvez rÃ©guliÃ¨rement de l'eau fraÃ®che par petites gorgÃ©es**Â et si possible Ã  distance des repas (30 minutes avant par exemple).
    
    Si cela vous apaise, vous pouvez infuser un peu de gingembre frais dans une bouteille d'eau Ã  boire au fil de la journÃ©e.
 <br><br>
- **PrivilÃ©gier les aliments secs (*surtout le matin au rÃ©veil*)**
    
    Au rÃ©veil, vous avez le ventre vide, ce qui augmente les nausÃ©es. Pensez Ã  avoir des biscottes boudes biscuits secs Ã  cÃ´tÃ© du lit. Mangez-en 1 ou 2, buvez un peu dâ€™eau et attendez une dizaine de minutes avant de vous lever. Cela devrait diminuer les nausÃ©es matinales.
    
    Si les nausÃ©es se prolongent dans la journÃ©e, prÃ©voyez des biscuits secs ou des biscottes (goÃ»t neutre et peu gras) dans votre sac et mangez-en 1 ou 2 quand les nausÃ©es se font trop fortes.
<br><br>
- **Fractionner les repas (manger en plus petites quantitÃ©s plus souvent)**
    
    Pas facile de gÃ©rer entre les repas trop copieux qui donnent davantage de travail au systÃ¨me digestif et favorisent les nausÃ©es ET le ventre vide qui augmente aussi les nausÃ©esâ€¦
    
    En pratique, privilÃ©giez des repas lÃ©gers associÃ©s Ã  de petites collations. IdÃ©alement, 3 petits repas (petit-dÃ©jeuner, dÃ©jeuner et dÃ®ner) et 2 collations (une dans la matinÃ©e et une dans lâ€™aprÃ¨s-midi).
    
    Pour allÃ©ger le dÃ©jeuner, gardez par exemple votre dessert pour plus tard dans lâ€™aprÃ¨s-midi. vous digÃ©rerez mieux :)
  <br><br>  
- **PrivilÃ©gier des aliments â€œfacilesâ€ Ã  digÃ©rer**
    
    Lorsque vous consommez des aliments gras, frits ou Ã©picÃ©s, le systÃ¨me digestif a davantage de travail, ce qui accentue fortement les nausÃ©es. Essayez donc de limiter autant que possible les aliments type pizzas, frites, nuggets, quiches, burgers, burritos, chili, etcâ€¦ Si vous nâ€™avez pas le choix, mangez-en une petite portion accompagnÃ©e de lÃ©gumes et/ou fruits et dâ€™aliments plus neutres (pain, riz, pÃ¢tes).
<br><br>  
- **Essayer le gingembre**
    
    Le gingembre est connu comme plante anti-nausÃ©euse, efficace contre les nausÃ©es matinales de la grossesse. Vous pouvez opter pour des tisanes de gingembre (2 ou 3 par jour), en sachet ou faites maison (gingembre Ã©pluchÃ© infusÃ© dans lâ€™eau chaude). Dans tous les cas, essayez de privilÃ©gier des produits bio.
    
    Si les tisanes ne sont pas efficaces, vous pouvez consommer le gingembre sous forme de gÃ©lules, en veillant Ã  bien respecter les conditions dâ€™utilisation. Nâ€™hÃ©sitez pas Ã  demander conseil Ã  votre pharmacien ou Ã  votre sage-femme ou gynÃ©cologue.
    
<br><br>
<aside>
ğŸš¨ **Si les nausÃ©es sont accompagnÃ©es de vomissements trop frÃ©quents, parlez-en au professionnel de santÃ© en charge de votre suivi de grossesse.**

</aside>
<br><br>",2023-06-10 13:31:38,2023-06-13 07:31:18,0,2023-06-12,/images/articles/5-astuces-pour-mieux-gerer-les-nausees.jpeg,1
4,"# Des pÃ¢tes complÃ¨tes, la base dâ€™un plat complet","## ***Des pÃ¢tes pour un plat Ã©quilibrÃ© pendant la grossesseÂ !***

LesÂ **pÃ¢tes**Â ne sont pas un aliment Ã  Ã©viter pendant la grossesse (mis Ã  part en cas d'intolÃ©rance au gluten). Au contraire, elles entrent parfaitement dans la composition d'unÂ **plat complet et Ã©quilibrÃ© pour le dÃ©jeuner.**
<br><br>
![image.png](/images/articles/Des_pates_completes__la_base_d_un_plat_complet_3863a3de5ecc4798a4413f978700fd4f/image.png)
<br><br>
### ***Les pÃ¢tes complÃ¨tes, de rÃ©els avantages nutritionnels***

La grossesse est le moment idÃ©al pour commencer Ã  consommer des **pÃ¢tesÂ complÃ¨tes** qui apportent beaucoup plus de nutriments. En comparaison avec une assiette de pÃ¢tes \""classiques\"", une assiette de pÃ¢tes complÃ¨tesÂ apporteÂ (1,2)Â :

- **1,7 fois** plus de **fibres**
- **2 fois** plus de **fer,Â magnÃ©sium,Â phosphoreÂ etÂ zinc.**

Et tout Ã§a, pour le mÃªme apport en calories, glucides, lipides et protÃ©ines !
<br><br>
***Comment composer votre plat Ã©quilibrÃ© Ã  base de pÃ¢tes ?***

1. **PÃ¢tes complÃ¨tes cuites**Â : 250 Ã  300g cuites (soit 80-100g crues)
2. **Sauce aux lÃ©gumes**Â : 4 cuillÃ¨res Ã  soupe (*coulis de tomate, sauce tomate basilic, sauce provenÃ§ale, sauce napolitaine, sauce arrabiatta*)
3. **ProtÃ©ines**Â :Â *GruyÃ¨re*Â (Ã  rÃ¢per soi-mÃªme) ou filet deÂ *maquereau*Â au naturel (une boÃ®te) ouÂ *viande hachÃ©e*Â bien cuite (env. 100g) ouÂ *pois chiches*Â (moitiÃ© d'une petite boÃ®te)
<br><br>

ğŸ’¡ ***Le saviez-vous ?***Â ğŸ’¡

Ce qui rend une assiette de pÃ¢tes plus riche en calories, graisses et sucres, c'est le type et la quantitÃ© de sauce et deÂ fromageÂ qu'on y ajoute.

- Pour unÂ **plat moins riche**, nous vous conseillons **une sauce aux lÃ©gumes.**
- Si vous choisissez uneÂ **sauce Ã  base de crÃ¨me,**Â nous vous conseillons d'**ajouter des petits lÃ©gumes**Â (brocolis, champignons, courges, Ã©pinards, roquette).",2023-06-10 13:31:38,2023-06-12 16:52:12,0,2023-06-12,/images/articles/des-pates-completes-la-base-dun-plat-complet.jpeg,1
5,"# En hiver, soupes et purÃ©es pour faire le plein de vitamines","## ğŸ¥¦Â **Les lÃ©gumes dâ€™hiver les plus vitaminÃ©s**

En hiver, on a souvent hÃ¢te de retrouver les lÃ©gumes dâ€™Ã©tÃ©, pourtant les lÃ©gumes dâ€™hiver ont Ã©galement beaucoup dâ€™atouts notamment pour leurs apports en vitamines !
<br><br>
![Capture dâ€™Ã©cran 2023-04-06 Ã  14.58.46.png](/images/articles/En_hiver__soupes_et_purees_pour_faire_le_plein_de_5ccafda8c32348128614d4d6ee2d1961/Capture_dcran_2023-04-06__14.58.46.png)
<br><br>
Voici le **TOP 5** des lÃ©gumes dâ€™hiver vitaminÃ©s :

1. **Les Ã©pinards** : palme dâ€™or multivitaminÃ©e pour leur richesse en **vitamines A, B9, E et K**. 
2. **Le brocoli** : un des lÃ©gumes les plus riches en **vitamine C,** il apporte aussi de la **vitamine B9.**
3. **La carotte :** beaucoup de **vitamine A** et un peu de **vitamine B9**, une bonne combinaison ! On pense Ã  la consommer crue pour encore plus de vitamines !
4. **Les courges :** championnes de la vitamine A quelle que soit la variÃ©tÃ©, alors on alterne potiron, buttenut, potimarronâ€¦
5. **Le chou-fleur :** une trÃ¨s bonne source de vitamine B9
<br><br>

ğŸŒ¡ï¸ **Les vitamines A, B,Â C, et E** sont hydrosolubles, c'est-Ã -direÂ qu'elles **se dissolvent dans l'eau.** Lorsque vous cuisez les lÃ©gumes, privilÃ©giez donc une **cuisson des lÃ©gumes Ã  la vapeur** pour conserver un maximum de leurs vitamines *(2)*

<br><br>

## **ğŸŸ Se rÃ©chauffer avec des soupes et des purÃ©es vitaminÃ©es**
<br><br>
![image.png](/images/articles/En_hiver__soupes_et_purees_pour_faire_le_plein_de_5ccafda8c32348128614d4d6ee2d1961/image.png)
<br><br>
IdÃ©ales en hiver pour se rÃ©chauffer, lesÂ **soupes**Â et lesÂ **purÃ©es**Â ont l'avantage d'Ãªtre composÃ©es en majoritÃ© de lÃ©gumes.Ã‡aÂ tombe bien, lesÂ **lÃ©gumes de saison**Â sont riches enÂ **vitamines A, B9 et C,**Â dont les besoins augmentent pendant la grossesse.

- **Soupe au potiron** : une assiette de 300ml couvreÂ **100%**Â desÂ apports recommandÃ©s enÂ **vitamine A**.
- **Soupe Ã©pinards-pomme de terre**Â : une assiette de 300ml couvreÂ **80%**Â des apports recommandÃ©s pour laÂ **vitamine A**Â etÂ **25%**Â pour laÂ **vitamine B9**.
- **PurÃ©e de brocolis**Â : une portion de 150g couvreÂ **100%**Â des apports recommandÃ©s enÂ **vitamine C**.
- **PurÃ©e de carottes :**Â une portion de 150g couvreÂ **100%**Â des apports recommandÃ©s enÂ **vitamine C**.

**L'astuce en plus :**Â vous pouvez ajouter une cuillÃ¨re Ã  soupe deÂ *graines de tournesol*Â sur vos soupes et purÃ©es pour ajouter du croquant et augmenter la teneur en vitamine B9.

<br><br>
ğŸ›’ Il est prÃ©fÃ©rable de faire sa soupe maison. Mais, si vous manquez de temps et dâ€™Ã©nergie (surtout enceinte), vous pouvez acheter des soupes dÃ©jÃ  prÃªtes. Dans ces cas-lÃ , privilÃ©giez :

- une **liste dâ€™ingrÃ©dients courte** (sans additifs et arÃ´mes),
- une quantitÃ© de **40 Ã  50% de lÃ©gumes**
- les **bouteilles en verre**.",2023-06-10 13:31:38,2023-06-13 07:54:16,0,2023-06-12,/images/articles/en-hiver-soupes-et-purees-pour-faire-le-plein-de-vitamines.jpeg,1
6,"# Enceinte, on se rÃ©gale pendant les fÃªtes","## **ğŸŸ Poissons et fruits de mer : crus, fumÃ©s ou en tartare, quelles alternatives ?**

On retrouve souvent du **poisson et des fruits de mer crus, fumÃ©s, en tartare ou marinÃ©s**, en bouchÃ©es apÃ©ritives ou en entrÃ©es sur les tables de fÃªtes.

Or, ces aliments sont Ã Â **Ã©viter pendant la grossesse**Â en raison des risques de contaminations bactÃ©riennes (*listeria notamment*),Â etÂ celaÂ peut causer quelques frustrations lorsqu'on est enceinte pendant les fÃªtes.

Cela ne veut pourtant pas dire qu'il faut se priver d'en manger s'ils sont **bien cuits**.

Alors, nous avons fouillÃ© les sites de cuisine pourÂ trouverÂ **10 idÃ©es de recettes d'entrÃ©es Ã  base de poisson et fruits de mer cuits**, Ã  consommer enceinte ğŸ˜ŠÂ :

- **[Terrine de Saint-Jacques au saumon et crevettes](https://9moisacroquer.us21.list-manage.com/track/click?u=5735560ab50dabc1a7e25bb94&id=8a57120abf&e=308213d68b)**
- **[Accras de saumon](https://9moisacroquer.us21.list-manage.com/track/click?u=5735560ab50dabc1a7e25bb94&id=5863a2477a&e=308213d68b)**
- **[Cupcakes au saumon fumÃ© et fromage frais](https://9moisacroquer.us21.list-manage.com/track/click?u=5735560ab50dabc1a7e25bb94&id=4d5dc1dc2d&e=308213d68b)**
- **[BouchÃ©es deÂ saumon et poireaux](https://9moisacroquer.us21.list-manage.com/track/click?u=5735560ab50dabc1a7e25bb94&id=dd2d59704c&e=308213d68b)**
- **[Beignets d'huÃ®tres](https://9moisacroquer.us21.list-manage.com/track/click?u=5735560ab50dabc1a7e25bb94&id=7e6503e07d&e=308213d68b)**
- **[HuÃ®tres grillÃ©es aux Ã©pices](https://9moisacroquer.us21.list-manage.com/track/click?u=5735560ab50dabc1a7e25bb94&id=1ed2483836&e=308213d68b)**
- **[Tapas de Saint-Jacques Ã  la noix de coco](https://9moisacroquer.us21.list-manage.com/track/click?u=5735560ab50dabc1a7e25bb94&id=c2162c6c70&e=308213d68b)**
- **[Coquilles Saint-Jacques gratinÃ©es au parmesan](https://9moisacroquer.us21.list-manage.com/track/click?u=5735560ab50dabc1a7e25bb94&id=b84c0c0271&e=308213d68b)**

<br><br>

âœ… ***Si vous ne mangez pas de poisson ou de fruits de mer***, il existe desÂ alternatives vÃ©gÃ©tales, Ã  retrouver en ligne ou magasins spÃ©cialisÃ©s, en prenant soinÂ deÂ :

- **limiter les produits Ã  base de soja Ã  un par jour**:Â Â *les alternatives vÃ©gÃ©tales au poisson sont souvent Ã  base de soja.*
- **privilÃ©gier les aliments avec des listes d'ingrÃ©dients courtes**.

<br><br>
![image.png](/images/articles/Enceinte__on_se_regale_pendant_les_fetes_0f97adc273784617a2a5fcae05984911/image.png)

![image.png](/images/articles/Enceinte__on_se_regale_pendant_les_fetes_0f97adc273784617a2a5fcae05984911/image%201.png)


<br><br>

## ***ğŸŸLe point sur le foie gras et sa (trop) forte teneur en vitamine A***

Le **foie gras et** tous les produits Ã  base de foie contiennent une trÃ¨s grande quantitÃ© de vitamine A (*forme prÃ©sente dans les produits animaux*).

Consommer une trop grande quantitÃ© de vitamine A pendant la grossesseÂ prÃ©sente un risque de malformation pour le bÃ©bÃ©.

**100 grammes de foie gras c'est 5400 ug de vitamine A**, soit quasiment 2 fois plus que la limite maximale recommandÃ©e, c'est pourquoiÂ il est prÃ©fÃ©rable de **limiter la consommation de foie gras enceinte**.
<br><br>

**En pratique :**

- Il est possible de consommer un petit peu de foie gras cuit dans une prÃ©paration, comme par exemple desÂ [**petits soufflÃ©s au foie gras**](https://9moisacroquer.us21.list-manage.com/track/click?u=5735560ab50dabc1a7e25bb94&id=7492e826ea&e=308213d68b)Â ouÂ desÂ [**madeleines au foie gras truffÃ©es**](https://9moisacroquer.us21.list-manage.com/track/click?u=5735560ab50dabc1a7e25bb94&id=318d974cb8&e=308213d68b)
<br><br>

***A noter*** : Les alternatives vÃ©gÃ©tales au foie gras (aussi appelÃ©es **faux gras**) retrouvÃ©es dans le commerceÂ **contiennent souvent de l'alcool**Â (*vin blanc, cognac ou whisky*), pensez Ã  bien regarder la liste d'ingrÃ©dients.",2023-06-10 13:31:38,2023-06-13 08:18:26,0,2023-06-13,/images/articles/enceinte-on-se-regale-pendant-les-fetes.jpeg,1
7,# ÃŠtre vÃ©gÃ©tarienne pendant la grossesse,"Le choix dâ€™avoir une ***alimentation vÃ©gÃ©tarienne*** est souvent fait avant la grossesse pour des raisons environnementales ou de bien-Ãªtre animal. Cette **alimentation peut Ãªtre compatible avec la grossesse** Ã  condition que les risques de carences soient identifiÃ©s et comblÃ©s par la prise de complÃ©ments alimentaires appropriÃ©s.
<br><br>
## Prendre en compte le type dâ€™alimentation vÃ©gÃ©tarienne pour dÃ©terminer les nutriments pouvant manquer

Les nutriments qui peuvent manquer dans une alimentation vÃ©gÃ©tarienne sont : la **vitamine B12**, la **vitamine D**, le **calcium**, le **fer**, lâ€™ **iode**, le **zinc** et le **DHA (un omega 3)**.
Les potentielles carences en nutriments dÃ©pendent du type dâ€™alimentation vÃ©gÃ©tarienne et des produits animaux qui ne sont pas consommÃ©s : ***viande, poisson, oeufs, et produits laitiers***. 
<br><br>
Il est donc **difficile de gÃ©nÃ©raliser des conseils pour une alimentation â€œvÃ©gÃ©tarienneâ€ pendant la grossesse**.
<br> <br>
Voici quelques grandes lignes sur les **potentiels** manques en certains nutriments en fonction des aliments qui ne sont pas consommÃ©s :
1. *Pas de viande* : manque de **fer** et de **vitamine B12**
2. *Pas de poisson* : manque de **vitamine D**, d' **iode** et de **DHA** (uniquement dans les poissons gras)
3. *Pas de viande, ni de poisson* : manque de **zinc**, **fer**, **vitamine B12**, **vitamine D**, **iode** et **DHA** (uniquement dans les poissons gras)
4. *Pas de produits laitiers* : manque de **calcium**
5. *Aucun produit d'origine animale* : tous les vitamines et minÃ©raux citÃ©s ci-dessus. Pensez Ã  bien consommer des lÃ©gumineuses (lentilles, pois chiches, haricots) associÃ©es Ã  des cÃ©rÃ©ales pour un apport en protÃ©ines suffisant.

<br><br>
## L'alimentation vÃ©gÃ©tarienne n'est pas associÃ©e uniquement Ã  des carences

L'alimentation vÃ©gÃ©tarienne a aussi Ã©tÃ© montrÃ©e comme plus riche en folates (vitamine B9) et en fibres, qui sont Ã©galement des nutriments essentiels pour la santÃ© de la mÃ¨re et de l'enfant pendant la grossesse. 

<br><br>
**En cas d'alimentation vÃ©gÃ©tarienne pendant la grossesse, n'hÃ©sitez pas Ã  vous faire accompagner par votre professionnel de santÃ© et /ou un diÃ©tÃ©ticien, ils vous conseilleront une alimentation adaptÃ©e aux besoins de la grossesse tout en respectant vos choix alimentaires. Si nÃ©cessaire et en fonction des aliments que vous ne consommez pas, ils pourront vous conseiller des complÃ©ments alimentaires adaptÃ©s.**",2023-06-10 13:31:38,2023-06-12 17:36:22,0,2023-06-11,/images/articles/etre-vegetarienne-pendant-la-grossesse.jpeg,1
8,"# Le kiwi, atout vitaminÃ© de votre grossesse","## ***ğŸ¥Le kiwi,Â une bombe de vitamines et de fibresÂ !***

Le **kiwi** est un fruit star du mois de janvier. Avec son goÃ»t acidulÃ©, ilÂ change des pommes et poires, en attendant les bons fruits du printemps (on rÃªve dÃ©jÃ  de l'arrivÃ©e des premiÃ¨res fraises). Au-delÃ  du goÃ»t, le **kiwi** estÂ unÂ atout nutritionnel pour votre grossesse, car il est trÃ¨s riche en vitamines.
<br><br>
![image.png](/images/articles/Le_kiwi__atout_vitamine_de_votre_grossesse_5a52e2d9c95547899b2617ce55350c6b/image.png)
<br><br>
Pendant la grossesse, **un seul kiwi** (env. 100g) couvreÂ :

- **70 %** des apports recommandÃ©s en **vitamine C**.
- **20 %** desÂ apports recommandÃ©s en **vitamine K.**
- **15Â %** desÂ apports recommandÃ©s en **vitamine B3**.
- **10 %** des apportsÂ recommandÃ©s en **vitamine E**.
<br><br>
ğŸ¥***4 idÃ©es pour consommer le kiwi***ğŸ¥

1. CoupÃ© en 2, on le dÃ©gusteÂ Ã  la cuillÃ¨re
2. En petits morceaux dans unÂ yaourt ou un fromage blanc.
3. EnÂ smoothie, avec d'autres fruits de votre choix (banane, pomme, etc.)
4. Plus original, dans uneÂ sauce vitaminÃ©e pour accompagner un poisson blanc (recette ci-dessous)

<br><br>
ğŸ’¡ ***Le saviez-vous ?***Â ğŸ’¡<br>
Le **kiwi** est parfois conseillÃ© pour **rÃ©duire la constipation**.
MÃªme s'il y a, pour l'instant, peu d'Ã©tudesÂ sur le sujet, ce serait certains polyphÃ©nols (des petites molÃ©cules anti-oxydantes) qui produiraient un effet laxatif.",2023-06-10 13:31:38,2023-06-13 08:22:11,0,2023-06-13,/images/articles/le-kiwi-atout-vitamine-de-votre-grossesse.jpeg,1
9,"# Les lentilles, sources de fer mais pas seulementâ€¦","## ***Les lentilles,Â grand bÃ©nÃ©fice et petit prix !***
<br><br>
![image.png](/images/articles/Les_lentilles__sources_de_fer_mais_pas_seulement_ff3e00a0e08443208a6999bcb3b4cef5/image.png)
<br><br>
### ***Les lentilles, du fer mais pas seulement***

Les lentilles sont une bonne source de **fer d'origine vÃ©gÃ©tale**, mais aussi de **protÃ©ines**, de **fibres** et de **vitamines B3 et B9**.Â Ces nutriments sont essentiels Ã  votre santÃ© et au bon dÃ©veloppement de bÃ©bÃ©.Â 
<br><br>
***A quoi servent ces nutriments pendant la grossesse ?***

1. LeÂ **fer**, dont les rÃ©serves diminuent pendant la grossesse, contribue Ã  rÃ©duire la fatigue, permet le transport de l'oxygÃ¨ne dans l'organisme (et donc vers le bÃ©bÃ©) et permet la formation des globules rouges.
2. LesÂ **vitamines B3 et B9**Â contribuent aussi Ã  rÃ©duire la fatigue et participe au mÃ©tabolisme Ã©nergÃ©tique (importantÂ pendant la grossesse). De plus, laÂ **vitamine B9**Â est essentielle car elle participe auÂ dÃ©veloppement du foetus pendant la grossesse.
3. LesÂ **fibres**Â sont les alliÃ©es d'un bon transit, donc en cas de constipation, consommer des lentilles peut s'avÃ©rer efficace (*certaines femmes sont sujettes Ã  desÂ ballonnements lorsqu'elles consomment trop de lÃ©gumineuses, comme lesÂ lentilles, dans ces cas-lÃ , choisir une autre source de fibresÂ mieuxÂ tolÃ©rÃ©eÂ : fruits cuits, son d'avoine)*
<br><br>
***Une assiette de lentilles câ€™est :***

Pendant la grossesse, une assiette de lentilles cuites (env. 200g)Â apporteÂ :

- 30% des apports recommandÃ©s en **fer** et en **protÃ©ines.**
- 60% des apports recommandÃ©s en **fibres.**
- 15% des apports recommandÃ©s enÂ **vitamine B9 (folates)**
- 30% des apports recommandÃ©s enÂ **vitamine B3**.
<br><br/>


***Comment prÃ©parer les lentilles ?***

Vous pouvez acheter des lentilles en conserve, elles peuvent se consommer en plat chaud ou en salade (voir recettes ci-dessous).

Cependant, les **lentilles en conserve contiennent 1,5 fois moins de fer que les lentilles cuites maison**. Si vous souhaitez augmenter vos apports en fer, il est prÃ©fÃ©rable dâ€™acheter des lentilles sÃ¨ches et de les **cuire 25 minutes dans lâ€™eau bouillante**.

**Bonne nouvelle** ! Il nâ€™est pas nÃ©cessaire de faire tremper les lentilles avant de les cuire. Il faut simplement les rincer 2 ou 3 fois sous lâ€™eau froide.
<br><br/>
ğŸ’¡ ***Le saviez-vous ?***Â ğŸ’¡

LaÂ **vitamine C**Â aide Ã  mieuxÂ **absorber le fer**Â d'origine vÃ©gÃ©tale prÃ©sent dans les lentillesÂ (2).Il est donc conseillÃ© de consommer les lentilles en association avec desÂ aliments riches en vitamine C, par exemple :

- UneÂ **salade de lentilles**Â assaisonnÃ©e avec unÂ **jus de citron**Â ou uneÂ **vinaigrette aux agrumes.**
- AprÃ¨s unÂ **plat chaud avec desÂ lentilles**, consommer un fruit riche en vitamine C :Â **kiwi, orange, mandarine**...",2023-06-10 13:31:38,2023-06-13 08:23:27,0,2023-06-13,/images/articles/les-lentilles-sources-de-fer-mais-pas-seulement.jpeg,1
10,"Le potiron, lÃ©gume d'automne alliÃ© de votre grossesse","Comme tous les lÃ©gumes, leÂ potironÂ contient desÂ **fibres**, desÂ **minÃ©raux**Â et desÂ **vitamines**Â (surtout deÂ ***laÂ vitamine A***) essentiels au dÃ©roulement de votre grossesse, Ã  votre santÃ©Â et Ã  celle de votre bÃ©bÃ©.
<br><br>
![Untitled](/images/articles/Potiron__une_source_de_vitamine_A_f49bf42037d54ec69b3c401351a2a49f/Untitled.png)
<br><br>
![Untitled](/images/articles/Potiron__une_source_de_vitamine_A_f49bf42037d54ec69b3c401351a2a49f/Untitled%201.png)
<br><br>
## **ğŸŸ*Le point nutrition sur la vitamine A***
<br><br>
![image.png](/images/articles/Potiron__une_source_de_vitamine_A_f49bf42037d54ec69b3c401351a2a49f/image.png)
<br><br>
![image.png](/images/articles/Potiron__une_source_de_vitamine_A_f49bf42037d54ec69b3c401351a2a49f/image%201.png)
<br><br><br><br>
                                      **QuelsÂ alimentsÂ pour vos apports en vitamine A ?**
<br><br>
![image.png](/images/articles/Potiron__une_source_de_vitamine_A_f49bf42037d54ec69b3c401351a2a49f/image%202.png)
<br><br>
![image.png](/images/articles/Potiron__une_source_de_vitamine_A_f49bf42037d54ec69b3c401351a2a49f/image%203.png)
<br><br>
<aside>
âš ï¸ Enceinte, il est prÃ©fÃ©rable de **limiter la consommation de foie et produits dÃ©rivÃ©s**

Le **foie et produits Ã  base de foie** contiennentÂ une trÃ¨s forte quantitÃ© de vitamine A (*uniquement la forme prÃ©sente dans les produits animaux*), ce *qui prÃ©sente un risque de malformation pour le bÃ©bÃ©.*

</aside>",2023-06-10 13:31:38,2023-12-08 17:21:14,0,2023-06-13,/images/articles/potiron-une-source-de-vitamine-A.jpeg,1
11,# Pourquoi est-il important de manger du poisson pendant la grossesse ?,"## **ğŸŸ *LeÂ poisson, combien en consommer pendant la grossesse ?***

**Deux portionsÂ par semaine**Â de poisson **cuit** dont au moins un poisson gras, en diversifiantÂ les espÃ¨ces de poisson et les lieux dâ€™approvisionnement.

Enceinte, veillez Ã  consommer le poisson cuit Ã  coeur. Il est recommandÃ© d' Ã©viter le poisson cru, fumÃ©, ou marinÃ© Ã  cause des risques de contaminations bactÃ©riennes.
<br><br>
![image.png](/images/articles/Pourquoi_est-il_important_de_poisson_pendant_la_gr_1b8d99b8bcec4130bd2b832a51e1ee0c/image.png)

![image.png](/images/articles/Pourquoi_est-il_important_de_poisson_pendant_la_gr_1b8d99b8bcec4130bd2b832a51e1ee0c/image%201.png)
<br><br>
## ğŸŸLe point nutrition sur le poisson 

Au-delÃ  de leurÂ apport enÂ **protÃ©ines**, les poissons sont aussi sources de minÃ©raux (**cuivre**,Â **fer**,Â **fluor**,Â **iode**,Â **phosphore**,Â **sÃ©lÃ©nium**Â etÂ **zinc**)Â et de vitamines (**A**,Â **B6**,Â **B12**,Â **D**Â etÂ **E**). 

ParÂ ailleurs, les poissons gras sont lesÂ **seuls aliments**Â Ã  contenir des quantitÃ©s importantes d'**omÃ©gas 3**Â (EPA et DHA), quiÂ **contribuent au dÃ©veloppement de la vision et du cerveau du foetus**.

***Si vous ne consommez pas de poisson pendant votre grossesse, parlez-en auÂ professionnel de santÃ© qui suit votre grossesse ou Ã  un diÃ©tÃ©ticien***, pour qu'ils vous proposent des complÃ©ments alimentaires adaptÃ©s.
<br><br>
## Alterner entre poisson maigre et poisson gras pour de bons apports en omÃ©ga 3
<br><br>

![image.png](/images/articles/Pourquoi_est-il_important_de_poisson_pendant_la_gr_1b8d99b8bcec4130bd2b832a51e1ee0c/image%202.png)

![image.png](/images/articles/Pourquoi_est-il_important_de_poisson_pendant_la_gr_1b8d99b8bcec4130bd2b832a51e1ee0c/image%203.png)
<br><br>

<aside>
âš ï¸ Certains poissonsÂ contiennent des contaminants chimiquesÂ (toxiques pour le cerveau du bÃ©bÃ©), alors,Â pendant la grossesse et jusqu'aux 3 ans de l'enfant, il est prÃ©fÃ©rable :

- de **limiter la consommation de poissons prÃ©dateurs sauvages**Â :Â Â *lotte-baudroie, loup-bar, bonite, empereur, grenadier, flÃ©tan, brochet, dorade, raie, sabre, thon*
- **d'Ã©viterÂ laÂ consommation**Â dâ€™*espadon, marlin, siki, requin et lamproie*
</aside>",2023-06-10 13:31:38,2023-06-13 07:49:30,0,2023-06-10,/images/articles/pourquoi-est-il-important-de-poisson-pendant-la-grossesse.jpeg,1
12,# Quelles huiles consommer pendant la grossesse pour des apports en bons acides gras ?,"## ğŸ«’ ***Huile d'olive, de colza et noix :**Â et si on variait les huiles en cuisine ?*

LesÂ **huiles vÃ©gÃ©tales**Â sont toutes sources d'acides gras, mais elles ne contiennent pas toutes le mÃªme type d'acides gras.Â LesÂ **huiles d'olive**,Â **de noix**Â etÂ **de colza**Â prÃ©sentent des profils d'acides gras particuliÃ¨rement intÃ©ressants pour la santÃ© et sont Ã  favoriser pendant la grossesse.
<br><br/>
![image.png](/images/articles/Quelles_huiles_consommer_pendant_la_grossesse_pour_38e9ec00f34a47f3b25abfe2d12dc24f/image.png)
<br><br/><br><br/>
### **Les huiles de colza et de noix : les plus riches en omÃ©ga 3**

LesÂ **omÃ©ga-3**Â ne peuvent pas Ãªtre synthÃ©tisÃ©s par le corps, il est donc essentiel de les apporter par l'alimentation.Â 

Les reines des omÃ©ga 3 d'origine vÃ©gÃ©tale (appelÃ© acide alpha-linolÃ©nique, ALA)Â : l'**huile de colza**Â et l'**huile de noix**.Une seule cuillÃ¨re Ã  soupe d'huile de colza ouÂ d'huile de noix contientÂ entreÂ **30 et 40% des apports recommandÃ©s en omÃ©ga-3**Â d'origine vÃ©gÃ©taleÂ pendant la grossesse.

Les omÃ©ga-3 sont desÂ **nutriments clÃ©s**. Ils contribuent au bon fonctionnement duÂ **systÃ¨meÂ cardio-vasculaire**,Â duÂ **systÃ¨me nerveux**Â et duÂ **cerveau**.Pendant la grossesse, de rÃ©centes Ã©tudes montrent que les apportsÂ en omÃ©ga-3 ont un impact positifÂ leÂ **dÃ©veloppement cognitif et moteur de l'enfant**.
<br><br/>
ğŸ§Š *Les huiles riches en omÃ©ga 3 comme lâ€™huile de colza et lâ€™huile de noix sont **trÃ¨s sensibles Ã  la chaleur et Ã  la lumiÃ¨re**.*

*Pour prÃ©server leurs qualitÃ©s et leur goÃ»t, il est prÃ©fÃ©rable de les acheter dans des **bouteilles en verre foncÃ©** et de les **conserver bien fermÃ©es au rÃ©frigÃ©rateur** aprÃ¨s ouverture.*
<br><br/>
<br><br/>
### **A alternerÂ avec de l'huile d'olive pour ses effetsÂ anti-oxydants**

L'huile d'olive contient des **composÃ©s antioxydants** (les polyphenols) qui sont reconnus pour leurs effets protecteursÂ sur la **santÃ©Â cardiovasculaire**.

De rÃ©centes Ã©tudes ont montrÃ© queÂ la consommation d'huile d'olive pendant la **grossesse** Ã©tait associÃ©e Ã  la **rÃ©duction de certainesÂ complications** chez la mÃ¨re (diabÃ¨te gestationnel, prÃ©-Ã©clampsie) et Ã  **un poids de naissance adÃ©quat** du bÃ©bÃ©.
<br><br>
**EN CONCLUSION**Â : *On consomme les huiles en petites quantitÃ©s en alternant **huile d'olive** et huileÂ de colza ou de noixÂ pour profiter des bienfaits de chacuneÂ !**
<br><br>
ğŸ”¥ *Il ne faut **pas faire \""fumer\"" les huiles.** C'est pourquoi, l'huile de colza, de noix et d'olive ne sont pas adaptÃ©es Ã  la **friture.***

*Si vous souhaitez frire des aliments, privilÃ©giez une huile de friture, comme l'huile de tournesol ou l'arachide.*",2023-06-10 13:31:38,2023-06-13 07:28:25,0,2023-06-13,/images/articles/quelles-huiles-consommer-pendant-la-grossesse-pour-des-apports-en-bons-acides-gras.jpeg,1
13,# Vitaminez votre petit-dÃ©jeuner : 4 idÃ©es spÃ©ciales grossesse,"## **Pour le petit-dÃ©jeuner, nâ€™oubliez pas les fruits (et lÃ©gumes)**

Enceinte, la plupart des besoins en vitamines augmentent. Les **fruits** et **lÃ©gumes** ont l'avantage d'Ãªtre riches en vitamines tout en apportant des fibres (importantes pour le transit)*(1)*.

On vous conseille de consommerÂ des fruits et lÃ©gumes dÃ¨s le **petit-dÃ©jeuner**, et pour vous aider, voici 4 idÃ©es de **petit-dÃ©jeunersÂ faciles Ã  prÃ©parerÂ etÂ vitaminÃ©s** *:*
<br><br>
## **PETIT-DEJ VITAMINE C**


### V*ersion salÃ©e*

- **1 thÃ© ou 1 infusion**Â : essentiel pour l'hydratation
- **Omelette aux brocolis**Â (*[recette ci-dessous](https://9moisacroquer.us21.list-manage.com/track/click?u=5735560ab50dabc1a7e25bb94&id=ef42bf0686&e=308213d68b)*) : les oeufs apportent des protÃ©ines etÂ le brocoli est le lÃ©gume le plus riche enÂ **vitamine C**, une portion de cette recette couvre 100% des apports en vitamine C.
- **1 grosseÂ tranche (ou 2 petites)Â de pain complet**Â pour apporter de l'Ã©nergie, des fibres et des sucres lents (et surtout pour bien accompagner l'omelette).
<br><br>


### V*ersion sucrÃ©e*

- **1 thÃ© ou 1 infusion**Â : essentiel pour l'hydratation
- **2 kiwis**Â : couvrent 100% des apports recommandÃ©s pour laÂ **vitamine C**Â de la grossesse.
- **45g de muesli aux noix & graines**Â (*sans sucres ajoutÃ©sÂ de prÃ©fÃ©rence*) : pour apporter de l'Ã©nergie, des fibres et des sucres lents.
- **1 pot de fromage blanc (ou 100g)**Â : pour apporter du calcium et des protÃ©ines.

![Petit dÃ©jeuner.png](/images/articles/Vitaminez_votre_petit-dejeuner_4_idees_speciale_1eaca4bb943a43e89771817a918c40f8/Petit_djeuner.png)


![VitC sucrÃ©e.png](/images/articles/Vitaminez_votre_petit-dejeuner_4_idees_speciale_1eaca4bb943a43e89771817a918c40f8/VitC_sucre.png)
<br><br>
## **PETIT-DEJ VITAMINE B9**

### V*ersion salÃ©e*

- **1 thÃ© ou 1 infusion**Â : essentiel pour l'hydratation
- **1 toast Ã©pinards chÃ¨vre** (*25% des apports recommandÃ©s enÂ **vitamine B9***) Ã Â prÃ©parer en cuisant au four Ã  180Â°C pendant 15 minutes :
    - 1 tranche de pain de campagne ou complet recouverte de
    - 100g d'Ã©pinards cuits
    - 2 rondelles de bÃ»che de chÃ¨vre
    - 1 cuillÃ¨re Ã  soupe deÂ **graines de tournesol**
- *Option*Â **: 1 orange fraÃ®che** (ou un petit verre de jus d'orange pressÃ©e) il est prÃ©fÃ©rable de manger des quartiers d'orange fraÃ®che plus riches en vitaminesÂ que le jusÂ !
<br><br>

### V*ersion sucrÃ©e*Â :

- **1 thÃ© ou 1 infusion**Â : essentiel pour l'hydratation
- **1 yaourt nature**Â avec une cuillÃ¨re Ã  soupe deÂ **graines de tournesol**Â et une cuillÃ¨re Ã  soupe de l**evure alimentaire en paillettes**Â : avec ces deux ingrÃ©dients, on ajoute 150 ug deÂ **vitamine B9**Â (ou folates) soitÂ  un quartÂ des apports recommandÃ©s pour la grossesse.
- **1 orange fraÃ®che**Â (*ou un petit verre de jus d'orange pressÃ©e*) : pour ajouter 50 ug de vitamine B9 Ã  ce petit-dÃ©jeuner vitaminÃ©Â !
- **1 grosseÂ tranche (ou 2 petites)Â de pain complet**Â lÃ©gÃ¨rement beurrÃ©e (ou tartinÃ©e de purÃ©e d'amande, noisette, etc.)Â pour apporter de l'Ã©nergie, des fibres et des sucres lents.

<br><br>

![VitB9 salÃ©e.png](/images/articles/Vitaminez_votre_petit-dejeuner_4_idees_speciale_1eaca4bb943a43e89771817a918c40f8/VitB9_sale.png)


![VitB9 sucrÃ©e.png](/images/articles/Vitaminez_votre_petit-dejeuner_4_idees_speciale_1eaca4bb943a43e89771817a918c40f8/VitB9_sucre.png)

<br><br>
ğŸ’¡ ***Le saviez-vous ?***Â ğŸ’¡

**Les jus de fruits ne peuvent pas remplacer les fruits entiers.** Ils apportent des vitamines comme les fruits, mais ne contiennent pas de fibres et sont moins rassasiants que les fruits entiersÂ frais.Â Vous pouvez en consommer un petit verre au petit-dÃ©jeuner pour des questions de goÃ»t, d'habitudes ou de praticitÃ©.Â **Mais autant que possible,Â privilÃ©giez les fruits entiers**Â *(1, 2)*.",2023-06-10 13:31:38,2023-06-13 07:20:46,0,2023-06-13,/images/articles/vitaminez-votre-petit-dejeuner-4-idees-speciales-grossesse.jpeg,1
33,# Toxoplasmose : qu'est-ce que c'est ? Comment l'Ã©viter ?,"La ***toxoplasmose*** est une infection causÃ©e par le parasite *Â« Toxoplasma gondii Â»* et les oeufs quâ€™il pond. Câ€™est une des toxi-infections alimentaires les plus courantes. Le parasite et ses oeufs sont dÃ©truits par une tempÃ©rature de 70Â°C (cuisson) et par une congÃ©lation Ã  -12Â°C pendant 3 jours (*le congÃ©lateur de la maison doit Ãªtre environ Ã  -18Â°C*).
<br>
<br>
Les **femmes enceintes sont plus sensibles Ã  lâ€™infection** par le parasite Â« Toxoplasma Â», et lâ€™infection peut-Ãªtre transmise au foetus. Dans 80% des cas, la mÃ¨re ne prÃ©sente pas de symptÃ´mes. En revanche, lâ€™infection du foetus prÃ©sente des risques pour sa santÃ© Ã  court-terme (prÃ©maturitÃ©, retard de croissance) et Ã  long-terme (sÃ©quelles au niveau du cerveau et des yeux).
<br>
<br>
Durant la grossesse, il existe deux cas :

1. *Femme immunisÃ©e contre la toxoplasmose* (câ€™est-Ã -dire quâ€™elle a dÃ©jÃ  Ã©tÃ© contaminÃ©e une fois dans vie, souvent sans sâ€™en rendre compte) : 
    - Cela sera validÃ© par une prise de sang en dÃ©but de grossesse
    - Pas de prÃ©cautions particuliÃ¨res Ã  prendre pour la Toxoplasmose, **mais cela nâ€™empÃªche pas de suivre les prÃ©cautions pour la listÃ©riose !**
2. *Femme non-immunisÃ©e contre la toxoplasmose (jamais contaminÃ©e auparavant)* :
    - La premiÃ¨re prise de sang est nÃ©gative et une nouvelle prise de sang est Ã  faire chaque mois pour vÃ©rifier quâ€™il nâ€™y a pas eu dâ€™infection par Toxoplasma
    - Plusieurs types de prÃ©cautions sont Ã  prendre et concernent lâ€™alimentation, le contact avec les chats et le jardinage.
<br>
<br>
## **Aliments dÃ©conseillÃ©s :**

- Viande peu ou pas cuite (il faut au minimum 70Â°C Ã  coeur, donc lâ€™Ã©quivalent de â€œbien cuitâ€)
- Charcuteries non cuites
- VÃ©gÃ©taux crus et mal lavÃ©s (fruits, lÃ©gumes, herbes aromatiques)

Ces aliments sont des â€œabrisâ€ pour Toxoplasma gondii et ses oeufs.
<br>
<br>
## Un schÃ©ma pour comprendre comment Ã©viter la contamination par Toxoplasma pendant la grossesse 

 ![Schema_contamination_toxoplasmose](/images/schema_toxo.png)

<br>
<br>
<br>
<br>
 **Recommandations dâ€™hygiÃ¨ne domestique :**

- Bien cuire les viandes (une tempÃ©rature de 70Â°C Ã  coeur)
- Bien laver les fruits et lÃ©gumes, et herbes aromatiques
- AprÃ¨s la manipulation dâ€™aliments non cuits, se laver les mains et nettoyer les ustensiles de cuisine qui ont Ã©tÃ© en contact avec ces aliments.
- Porter des gants pour le jardinage
- *Si prÃ©sence de chat au domicile :*
    - Eviter de changer la litiÃ¨re soi-mÃªme ou porter des gants pour le faire.
    - Se laver les mains aprÃ¨s avoir touchÃ© le chat ou sa litiÃ¨re *(doit Ãªtre nettoyÃ©e avec de lâ€™eau chaude Ã  une tempÃ©rature â‰¥ Ã  70Â°C)*",2023-06-11 18:26:30,2023-08-03 15:15:37,0,2023-06-11,/images/articles/viande_peu_cuite_toxo.jpg,1
34,# ListÃ©riose : qu'est-ce que c'est ? Comment l'Ã©viter ?,"La ***listÃ©riose*** est une infection causÃ©e par la bactÃ©rie Â« Listeria Â». Câ€™est une des bactÃ©ries la plus responsable des toxi-infections alimentaires. Elle est dÃ©truite par une tempÃ©rature de plus de 70Â°C (cuisson), mais **nâ€™est pas dÃ©truite par le froid** (inutile de congeler des aliments pour dÃ©truire la listeria).
<br> <br>
Les femmes enceintes sont plus sensibles Ã  lâ€™infection par la Listeria. Lâ€™infection est en gÃ©nÃ©ral sans consÃ©quence pour la mÃ¨re (fatigue, frissons, fiÃ¨vre). En revanche, **lâ€™infection est particuliÃ¨rement dangereuse pour le fÅ“tus** (pouvant aller jusquâ€™Ã  lâ€™avortement spontanÃ©). 
<br> <br>
Chez les femmes enceintes, les premiers symptÃ´mes nâ€™apparaissent pas directement aprÃ¨s avoir consommÃ© un aliment contaminÃ©, mais entre 2 semaines et 2 mois plus tard.

Il est donc recommandÃ© pendant la grossesse dâ€™ ***Ã©viter de consommer certains aliments qui sont des â€œabrisâ€ pour la bactÃ©rie Listeria** et de bien respecter des mesures dâ€™hygiÃ¨ne.
<br> <br>
## **Aliments dÃ©conseillÃ©s :**

- Fromages Ã  pÃ¢te molle (type brie, camembert, fromage de chÃ¨vre) y compris au lait pasteurisÃ©
- Fromages Ã  pÃ¢te dure non cuite au lait cru (type tomme, cheddar, mimolette)
- Fromages rÃ¢pÃ©s industriels
- Les croÃ»tes des fromages
- Viandes crues, peu cuites, marinÃ©es
- Charcuteries non cuites
- PÃ¢tÃ©, foie gras, rillettes, produits en gelÃ©e
- Poissons crus (dont sushis), fumÃ©s, marinÃ©s
- Coquillages et crustacÃ©s crus (ou non recuits)
- Tarama, oeufs de poisson et surimi
- Oeuf cru (et prÃ©parations en contenant : mousse au chocolat maison, mayonnaise maison)
- Graines germÃ©es
<br> <br><br> <br>
![Fiche A4 - ListÃ©ria.png](/images/Fiche_A4_-_Listria.png)

<u>**[TÃ©lÃ©charger la fiche rÃ©capitulative des aliments dÃ©conseillÃ©s](https://9-mois-a-croquer.notion.site/image/https%3A%2F%2Fs3-us-west-2.amazonaws.com%2Fsecure.notion-static.com%2Fe7f6c945-98cc-4526-96e3-98464f62dd2e%2FFiche_A4_-_Listria.png?id=af6db24b-b256-4a0d-8a5f-59c07fcf60ca&table=block&spaceId=70ecea8b-17d4-441b-b5e2-3655e1446c2c&width=2000&userId=&cache=v2)**</u>
<br> <br><br> <br>
## **Recommandations dâ€™hygiÃ¨ne domestique :**

- Bien cuire les viandes, poissons et Å“ufs (une tempÃ©rature de 70Â°C Ã  coeur)
- Enlever la croÃ»te de tous les fromages.
- Bien laver les fruits et lÃ©gumes, et herbes aromatiques
- RÃ©chauffer soigneusement les restes alimentaires et les plats cuisinÃ©s avant consommation;
- AprÃ¨s la manipulation dâ€™aliments non cuits, se laver les mains et nettoyer les ustensiles de cuisine qui ont Ã©tÃ© en contact avec ces aliments.",2023-06-11 18:35:09,2023-08-03 15:16:52,0,2023-06-11,/images/articles/mahmoud-fawzy-n1DePkKznLY-unsplash.jpg,1
35,#TOP 10 des aliments Ã  avoir dans son placard !,"## Nutrition, petits prix et pas de cuisine 

Pendant la grossesse, le corps a besoin d'une plus grande quantitÃ© de nutriments, notamment de vitamines et minÃ©raux. Mais, ce n'est pas toujours facile de savoir quels aliments choisir, surtout lorsqu'on a peu de temps pour cuisiner et qu'on doit maÃ®triser son budget... 
<br><br>
Alors, voici une **liste de 10 aliments** avec des **atouts nutritionnels**, **hyper faciles Ã  prÃ©parer** et **Ã©conomiques**, Ã  avoir dans son placard :
<br><br>
1. ***Les pois chiches en conserve*** : <br>
Riches en vitamine B9, en fibres et en protÃ©ines. Beaucoup d'atouts nutritionnels et moins d'une minute pour les Ã©goutter et les mettre dans une assiette.<br>
*Quelques idÃ©es de recettes* : **<u>[Salade marocaine pois chiches et tomates](https://www.9moisacroquer.fr/recipes/30)</u>, <u>[Boulgour Ã  la tomate et aux pois chiches](https://www.9moisacroquer.fr/recipes/3)</u>**
<br><br>
2. ***Les lentilles en conserve*** :<br>
Les lentilles sont une source de protÃ©ines et de fibres (et Ã©galement de vitamine B9) trÃ¨s Ã©conomique. Elles peuvent se consommer froides ou chaudes en toute saison selon vos envies.<br>
*Quelques idÃ©es de recettes* : **<u>[Lentilles Ã  la marocaine](https://www.9moisacroquer.fr/recipes/14)</u>, <u>[Salade de lentilles, betteraves et poire](https://www.9moisacroquer.fr/recipes/15)</u>**
<br><br>
3. ***Les Ã©pinards en conserve*** (*ou surgelÃ©s*) : <br>
Tellement d'atouts nutritionnels pour ce lÃ©gume : vitamines A, B3, B6 et B9, calcium, fer, et fibres, sans apporter beaucoup d'Ã©nergie. Alors, lorsqu'on n'a pas de temps pour cuisiner, ne pas hÃ©siter Ã  ouvrir une boÃ®te d'Ã©pinards (ou Ã  dÃ©congeler des Ã©pinards surgelÃ©s).<br>
*Quelques idÃ©es de recettes* : **<u>[Epinards, socca et graines de tournesol](https://www.9moisacroquer.fr/recipes/32)</u>, Epinards Ã  la ricotta**
<br><br>
4. ***Les carottes en conserve*** (*ou surgelÃ©s*) :<br>
L'atout principal de la carotte c'est la vitamine A (et les fibres comme tous les lÃ©gumes). AssaisonnÃ©e avec un peu d'huile de colza et du cumin. C'est un accompagnement simple, rapide et sain pour manger ses 5 portions de fruits et lÃ©gumes chaque jour.<br>
*Quelques idÃ©es de recettes* : **<u>[Flan Ã  la carotte et Ã  la coriandre](https://www.9moisacroquer.fr/recipes/10)</u>, <u>[Lentilles et carottes Ã  la marocaine](https://www.9moisacroquer.fr/recipes/14)</u>** 
<br><br>
5. ***Les oeufs*** :<br>
ProtÃ©ines, iode, fer, zinc, vitamines B2, B5 : l'oeuf a beaucoup d'atout nutritionnel ! Ces nutriments sont trÃ¨s importants pour le bon dÃ©veloppement du bÃ©bÃ©, donc mÃªme si pendant la grossesse, les oeufs doivent Ãªtre consommÃ©s bien cuits, vous pouvez en consommer sous forme d'omelette ou durs ! La prÃ©paration est un peu plus longue mais quand mÃªme super facile.<br>
*Quelques idÃ©es de recettes* : **<u>[Omelette poivrons chÃ¨vre](https://www.9moisacroquer.fr/recipes/36)</u>, <u>[Omelette aux brocolis](https://www.9moisacroquer.fr/recipes/11)</u>, <u>[Salade quinoa, radis, oeuf dur](https://www.9moisacroquer.fr/recipes/12)</u>**
<br><br>
6. ***Les filets de maquereau au naturel*** :<br>
Il est recommandÃ© de manger du poisson gras une fois par semaine, notamment pendant la grossesse car ils contiennent des omÃ©ga 3 qu'on ne trouve dans aucun autre aliment et qui sont essentiels pour le dÃ©veloppement du cerveau du bÃ©bÃ© ! Parmi ces poissons gras, le maquereau au naturel en conserve (*on Ã©vite les conserves Ã  l'huile*) est une solution pratique et trÃ¨s Ã©conomique !<br>
*Quelques idÃ©es de recettes* : **<u>[PÃ¢tes aux filets de maquereau et sauce tomate](https://www.9moisacroquer.fr/recipes/8)</u>, <u>[Maquereaux panÃ©s aux amandes](https://www.9moisacroquer.fr/recipes/7)</u>**
<br><br>
7. ***Les graines de couscous*** :<br>
Rien de plus simple que de cuisiner les graines de coucous : dans un bol, 1 verre de graines Ã  couvrir d'une verre d'eau bouillante et d'une cuillÃ¨re Ã  soupe d'huile d'olive et Ã  laisser gonfler pendant 5 Ã  10 minutes et c'est prÃªt ! Fibres, vitamines B et protÃ©ines, les graines de couscous sont une base parfaite pour un plat complet ! <br>
*Quelques idÃ©es de recettes* : Remplacer le quinoa par des graines de couscous dans cette **<u>[salade quinoa, radis, oeuf dur](https://www.9moisacroquer.fr/recipes/12)</u>**
<br><br>
8. ***Les pÃ¢tes complÃ¨tes ou semi-complÃ¨tes*** :<br>
La grossesse est le moment idÃ©al pour commencer Ã  consommer des **pÃ¢tesÂ complÃ¨tes** qui apportent beaucoup plus de nutriments. En comparaison avec des pÃ¢tes ""classiques"",les pÃ¢tes complÃ¨tesÂ apporteÂ **2 fois** plus de **fibres**, de **fer**,Â de **magnÃ©sium**Â et deÂ **zinc.** Il est possible de consommer par des pÃ¢tes semi-complÃ¨tes, plus Ã©conomiques et dont le goÃ»t est plus proche des pÃ¢tes classiques.<br>
*Quelques idÃ©es de recettes* : **<u>[Salade de pÃ¢tes, melon, avocat et mozza](https://www.9moisacroquer.fr/recipes/38)</u>, <u>[PÃ¢tes aux filets de maquereau et sauce tomate](https://www.9moisacroquer.fr/recipes/8)</u>**
<br><br>
9. ***Les flocons d'avoine*** :<br>
Les flocons d'avoine sont trÃ¨s riches en fibres (particuliÃ¨rement utiles en cas de constipation) et ne contiennent quasiment pas de sucres. Ils apportent aussi des vitamines B, du magnÃ©sium et du phosphore. Ils sont parfaits pour le petit-dÃ©jeuner mÃ©langÃ© avec un yaourt et un fruit ! Vous pouvez Ã©galement remplacer une partie de la farine dans certaines prÃ©parations. <br>
*Quelques idÃ©es de recettes* : **<u>[Kiwi, muesli et fromage blanc](https://www.9moisacroquer.fr/recipes/18)</u>, <u>Flocons d'avoine, fruits rouges et lait d'amande</u>**
<br><br>
10. ***L'huile de colza*** :<br>
L'huile de colza est la reine des omÃ©ga 3 d'origine vÃ©gÃ©tale (appelÃ© acide alpha-linolÃ©nique, ALA)Â : une seule cuillÃ¨re Ã  soupe d'huile de colza contientÂ entreÂ **30%** des apports recommandÃ©s en **omÃ©ga-3**Â d'origine vÃ©gÃ©taleÂ pendant la grossesse. Les omÃ©ga-3 sont essentiels : ils contribuent au bon fonctionnement **cardio-vasculaire**, **nerveux**Â etÂ **cerveau**.<br>
*Quelques idÃ©es de recettes* : **<u>[Mayonnaise Ã  l'huile de colza (sans oeuf)](https://www.9moisacroquer.fr/recipes/25)</u>**<br>
***A noter*** : l'huile de colza peut Ãªtre lÃ©gÃ¨rement chauffÃ©e mais ne peut pas Ãªtre utilisÃ©e pour la friture.",2023-06-19 06:12:06,2023-06-19 06:25:09,0,2023-06-19,/images/articles/plats_vegan.jpg,1
36,Les protÃ©ines pendant la grossesse : combien en consommer ? oÃ¹ les trouver ?,"*Vous vous demandez de combien de protÃ©ines vous avez besoin enceinte ? <br>Quels aliments contiennent des protÃ©ines ? Et comment les consommer ?*<br><br>

Les besoins en **protÃ©ines** augmentent pendant la grossesse, mais surtout au **3e trimestre**. <br>
Au 3e trimestre, il est estimÃ© que les apports en protÃ©ines doivent Ãªtre augmentÃ©s dâ€™environ 30g par rapport Ã  ce qui Ã©tait consommÃ© avant la grossesse. Comme il est Ã©galement recommandÃ© de manger plus (env. +500 kcal par rapport Ã  avant la grossesse), vous devriez aussi augmenter vos apports en protÃ©ines. Au total, sur une journÃ©e, il est recommandÃ© dâ€™atteindre environ **70g de protÃ©ines par jour**.
<br><br>
**70g de protÃ©ines, câ€™est quoi concrÃ¨tement pour une journÃ©e?** <br>
-	150g de poulet (ou bÅ“uf) + 1 fromage blanc + 30g de comtÃ© + 1 assiette de pÃ¢tes cuites (env. 70g crues)<br>
-	2 Å“ufs durs + 1 tranche de pain complet + 1 fromage blanc + 30g de noix + 1 yaourt nature + 1 assiette de pÃ¢tes cuites (env. 70g crues) + 200g de pois chiches cuits <br>
-	1 assiette de lentilles cuites (env. 200g cuites) + 2 tranches de pain complet + 50g de flocons dâ€™avoine + 30g dâ€™amandes + 1 grosse assiette de riz cuit (env. 100g cru) + 1 assiette de haricots rouge (env. 200g cuits)
<br><br>

Quel que soit le trimestre de grossesse, il nâ€™est absolument *<u>pas nÃ©cessaire de manger de la viande ou du poisson tous les jours</u>*. <br>
Pensez Ã  varier les sources de protÃ©ines (viande, volaille, poisson, Å“ufs, lentilles, pois chiches, haricots rouges) dans la semaine, car chacune vous apportera des vitamines et minÃ©raux diffÃ©rents.
Les produits laitiers et les produits cÃ©rÃ©aliers apportent aussi des protÃ©ines.
<br><br>

**<u>IdÃ©e de rÃ©partition des sources de protÃ©ines sur la semaine :</u>**

![Schema_repartitionproteines_semaine](https://drive.google.com/uc?export=view&id=1l1j2zf2AIpPaAFFrhDjjV4y_D4PyArf6)
<br><br>
**<u>Recommandations gÃ©nÃ©rales pour les aliments sources de protÃ©ines : </u>**<br>
-	**Viande rouge** : max. 500g/sem (soit 4 steaks hachÃ©s)<br>
-	**Charcuterie** : max. 150g/sem<br>
-	**Poisson** : 2 fois/sem dont 1 poisson gras (maquereau, sardine, anchois, saumon)<br>
-	**LÃ©gumineuses** : minimum 2 fois/sem (Ã  augmenter si vous Ãªtes vÃ©gÃ©tarienne)<br>
-	**Produits laitiers** : 2 portions par jour<br>
-	**Å’ufs et volailles** : il nâ€™y a pas de limites maximales ou minimales, la quantitÃ© est Ã  adapter en fonction de vos goÃ»ts et de vos habitudes. 
<br><br>

***<u>Remarque</u>*** : Si vous Ãªtes **vÃ©gÃ©tarienne** ou **vegan**, pensez Ã  consulter notre article  **<u> [ÃŠtre vÃ©gÃ©tarienne pendant la grossesse](https://www.9moisacroquer.fr/articles/7) </u>** et nâ€™hÃ©sitez pas Ã  Ã©changer avec votre sage-femme ou votre gynÃ©cologue pour quâ€™il vous oriente vers un.e diÃ©tÃ©ticien.ne formÃ©.e Ã  lâ€™alimentation pendant la grossesse.",2023-06-26 14:31:26,2023-06-26 14:45:00,0,2023-06-26,/images/articles/proteines_aliments.png,1
37,La solution fortes chaleurs et grossesse : eau et fruits & lÃ©gumes Ã  volontÃ© !,"C'est l'Ã©tÃ©, il fait chaud, trÃ¨s chaud mÃªme ! Nous transpirons davantage et donc nous perdons de l'eau, il est donc nÃ©cessaire de bien s'hydrater.<br>
Deux rÃ©flexes pour votre grossesse : l'**eau** et les **fruits** & **lÃ©gumes** riches en eau !
<br><br>
**BoireÂ assez d'eauÂ :Â un rÃ©flexe santÃ© pour maman et bÃ©bÃ©Â !**
<br>
Pendant la grossesse, le **volume d'eau dans le corps augmente pour permettre le bon dÃ©veloppement du bÃ©bÃ©**.

Plus la grossesse avance, plus le volume d'eau dans le corps augmente : dansÂ l'utÃ©rus et la poitrine qui se dÃ©veloppent, dansÂ le liquide amniotique, dans le placenta mais aussi directement par le bÃ©bÃ© (*qui Ã  la naissance estÂ constituÃ© Ã  80% d'eau*).

C'est pourquoi, enceinte, il est recommandÃ© de **bien s'hydrater**. Les besoins en eau sont Ã©valuÃ©s Ã Â 2,5 litres, en considÃ©rant qu'environ 1 litre est apportÃ© par les aliments, ce qui laisse minimum **1,5 litre d'eau Ã  consommer sous forme de boissons** (eau, tisanes, etc.). En cas de fortes chaleurs, vous pouvez mÃªme boire davantage...
<br><br><br><br>

***3 astuces boissons pour l'hydratation*** <br>

1. **On commence dÃ¨s le rÃ©veil** : Buvez un verre d'eau au rÃ©veil (surtout si vous avez transpirÃ© pendant la nuit).
2. **On boit frÃ©quemment par petites quantitÃ©s tout au long de la journÃ©e** : lorsqu'on se sent obligÃ©e de ""se jeter"" sur un verre d'eau, c'est que le corps Ã©tait dÃ©jÃ  en phase de dÃ©shydratation, donc il est prÃ©fÃ©rable de boire rÃ©guliÃ¨rement en petites quantitÃ©s. La solution : vous dÃ©placer avecÂ votre gourde pour Ãªtre sÃ»re d'avoir toujours de l'eau Ã  disposition !
3. **On limite les boissons sucrÃ©es Ã  maximum 1 verre par jour** : elles apportent surtout du sucre sans nÃ©cessairement diminuer la sensation de soif... Si vous en consommez habituellement davantage, essayez de diminuer progressivement, et si vraiment vous avez des difficultÃ©s Ã  boire de l'eau, ajoutez quelques gouttes de sirop dans votre verre ou votre gourde, cela sera moins sucrÃ© qu'un soda ou un jus de fruits ! 
<br><br>

ğŸ’¡ ***Le saviez-vous ?***Â ğŸ’¡<br>
Bien s'hydrater permet aussi deÂ **limiter les troubles digestifs de la grossesse (constipation, remontÃ©es acides, nausÃ©es) et les sensations de jambes lourdes**
En cas de **constipation**, il est conseillÃ© de boire des **eaux minÃ©rales naturellement riches en magnÃ©sium**, comme lâ€™*HÃ©par,* la *Contrex* ou la *Courmayeur* pour les eaux plates et la *Rozana*, la *Badoit* et la *QuÃ©zac* pour les eaux gazeuses.

<br><br>
***L'hydratation, une bonne raison de se rÃ©galer avec les fruits de saison !***
<br>
*<u>Du cÃ´tÃ© des lÃ©gumes :</u>*<br>
Le lÃ©gume le plus riche en eau c'est le **concombre** (96%), Ã§a tombe bien c'est la pleine saison ! <br>
Ensuite, toutes les **salades** (laitue, romaine, mÃ¢che, batavia, roquette) sont trÃ¨s riches en **eau** (aux alentours de 95%).<br>
Et pour finir cette belle salade d'Ã©tÃ©, vous pouvez ajouter des **tomates crues** (composÃ©es Ã  94% d'eau).<br>
Une bonne occasion de prÃ©parer des salades d'Ã©tÃ© maison (en pensant Ã  bien laver les cruditÃ©s ou Ã  les Ã©plucher dans le cas du concombre).
<br>
Et pour celles qui prÃ©fÃ¨rent les lÃ©gumes cuits : la **courgette cuite** contient Ã©galement 94% d'eau !
<br><br>
*<u>Du cÃ´tÃ© des fruits  :</u>*<br>
La grande gagnante c'est la **pastÃ¨que** avec ses 91% d'eau ! <br>
Suivie de prÃ¨s par les **fraises** (les derniÃ¨res de saison) avec 90% d'eau et des **pÃªches** et des **abricots** avec 87% d'eau. <br>
<br><br>
**Misez donc sur les fruits et lÃ©gumes de saison, une solution express, pour apporter eau, vitamines & minÃ©raux Ã  maman et bÃ©bÃ© !**",2023-07-14 05:57:28,2023-07-14 06:04:02,0,2023-07-14,/images/articles/Capture dâ€™Ã©cran 2023-07-14 Ã  09.56.59.png,1
38,TOP 10 des aliments Ã  favoriser pour booster ses apports en vitamine B9 pendant la grossesse,"ğŸ¤°ğŸ»**Pourquoi consommer de la vitamine B9 (ou folates) pendant la grossesse ?**<br><br>

Les besoins en vitamine B9 sont quasiment **multipliÃ©s par 2** pendant la grossesse. Ils passent de 330ug Ã  600ug par jour.<br>
Durant le 1er trimestre de grossesse (et un peu avant si possible), il est recommandÃ© de prendre complÃ©ment alimentaire de vitamine B9 (folates ou acide folique) pour prÃ©venir les malformations du fÅ“tus. <br>
Il est Ã©galement important de manger des aliments riches en vitamine B9 pendant toute la grossesse pour **rÃ©duire la fatigue**, permettre la **formation des globules rouges** du sang, soutenir **lâ€™immunitÃ©** et permettre le bon dÃ©roulement de la grossesse et le **dÃ©veloppement du bÃ©bÃ©** !<br><br>

ğŸ”**OÃ¹ trouver de la vitamine B9 (ou folates) dans les aliments pendant la grossesse ?**<br><br>
![Lentilles_epinards_B9_large.png](https://drive.google.com/uc?id=16BeWVWFv9QG77klkiLmCRWLCafsq_NRY)<br><br>

ğŸ…Voici le **<u>TOP 10 des aliments riches en folates</u>** qui peuvent Ãªtre consommÃ©s pendant la grossesse (*pas besoin de chercher si vous pouvez les consommer ou pas !*).<br>
1. **Les lentilles cuites** : Une demi-assiette (env. 180g), câ€™est plus de **50%** des apports recommandÃ©s en vitamine B9 pour la grossesse.
2. **Les Ã©pinards cuits** : Une demi-assiette (env. 150g), c'est **30%** des apports recommandÃ©s.
3. **Les brocolis et choux-fleurs (cuits-vapeur)** : Une demi-assiette (env. 150g), c'est **20%**.
4. **Le radis rouge cru** : une dizaine de radis (env. 100g), câ€™est **16%** des apports recommandÃ©s.
5. **Les fraises** : une portion de 5 ou 6 fraises, câ€™est **15%**
  6.	**Le melon** : une tranche (env. 150g), câ€™est **15%** <br>
  7.	**Les salades (scarole, frisÃ©e, romaine)** : une assiette (env. 50g) câ€™est **12%** <br>
  8.	**Le quinoa cuit** : une demi-assiette (env. 125g) câ€™est un peu plus de **10%**<br>
  9.	**Les graines de tournesol** : 2 cuillÃ¨res Ã  soupe (env. 10g) apportent **10%** de la vitamine B9 recommandÃ©e<br>
  10.	**La levure alimentaire (Ã  saupoudrer)** : 1 seule cuillÃ¨re Ã  soupe apporte entre **10 et 20%** (*selon la marque*) des apports recommandÃ©s en vitamine B9<br><br>

ğŸ’¡**Des idÃ©es pour augmenter vos apports en vitamine B9**<br>

Cap sur les **lentilles**, les **Ã©pinards** cuits et, selon la saison, les **choux** (en automne-hiver), les **fraises** (au printemps) et le **melon** (en Ã©tÃ©).
Vous pouvez consulter les [recettes riches en vitamine B9 de 9 mois Ã  croquer](https://www.9moisacroquer.Fr/recipeMedal/1)
Vous pouvez Ã©galement ajouter une cuillÃ¨re Ã  soupe de levure alimentaire ou de graines de tournesol sur vos salades ou dans vos yaourts (*nous, on adore !*)<br><br>


âœ… ***<u>Le saviez-vous ?</u>***<br>
La vitamine B9 se dissout dans l'eau.<br>
Lorsque vous cuisez des lÃ©gumes riches en vitamine B9, privilÃ©giez une cuisson des lÃ©gumes Ã  la vapeur pour conserver un maximum de la vitamine B9.",2023-08-03 14:39:33,2023-08-03 15:32:05,0,2023-08-03,/images/articles/Lentilles_epinards_B9.png,1
39,Cet omÃ©ga 3 est essentiel pour le cerveau et la vue de bÃ©bÃ©,"Le **DHA**, ou acide docosahexaÃ©noÃ¯que, est un acide gras **omÃ©ga-3** qui est essentiel pour le **dÃ©veloppement optimal du cerveau et des yeux du fÅ“tus**, mais aussi pour **votre santÃ©** pendant la grossesse et aprÃ¨s.<br>
***Nous vous expliquons ses bienfaits et dans quels aliments le trouver!***<br><br>

ğŸ§  **Le DHA, lâ€™omega 3 du cerveau et de la rÃ©tine**<br>
Pendant la grossesse, le cerveau et les yeux du bÃ©bÃ© se dÃ©veloppent rapidement, et ils sont trÃ¨s largement constituÃ©s de DHA. La moitiÃ© des acides gras de la rÃ©tine est du DHA.
Et mÃªme aprÃ¨s la naissance, le bÃ©bÃ© utilise le DHA quâ€™il a stockÃ© dans ses muscles pendant la grossesse pour que son cerveau continue de se dÃ©velopper et que sa vision sâ€™amÃ©liore.
Il est donc important de consommer assez de DHA pendant la grossesse, notamment lors du dernier trimestre oÃ¹ une grande quantitÃ© de DHA est transfÃ©rÃ© au fÅ“tus.<br><br>

ğŸ‘¶ğŸ» **Le DHA amÃ©liore les capacitÃ©s cognitives et intellectuelles de lâ€™enfant**<br>
Plusieurs Ã©tudes ont montrÃ© que les enfants dont les mÃ¨res ont consommÃ© des quantitÃ©s adÃ©quates de DHA pendant la grossesse prÃ©senteraient de meilleures performances cognitives, y compris des scores plus Ã©levÃ©s en tests de quotient intellectuel (QI), de langage, d'attention et de rÃ©solution de problÃ¨mes.<br><br>

ğŸ¤°ğŸ½**Le DHA, essentiel Ã  votre santÃ©**<br>
Il est important quâ€™en tant que femme et future maman, vous soyez en bonne santÃ©. Pendant la grossesse, vous transfÃ©rez beaucoup du DHA que vous consommez Ã  votre bÃ©bÃ©, mais votre corps a toujours besoin de DHA, notamment pour permettre Ã  votre cÅ“ur et Ã  votre cerveau de bien fonctionner. Quelques Ã©tudes commencent Ã  montrer quâ€™une consommation adÃ©quate de DHA pendant la grossesse amÃ©liorait lâ€™humeur et aiderait Ã  prÃ©venir la dÃ©pression post-partum.<br><br>

ğŸ¤± **Le DHA aprÃ¨s la grossesse : un composant du lait maternel**<br>
AprÃ¨s la naissance, le bÃ©bÃ© a toujours besoin de DHA et si vous allaitez, il lâ€™obtient grÃ¢ce au lait maternel. Le DHA se retrouve dans le lait maternel grÃ¢ce Ã  votre alimentation pendant la grossesse (durant laquelle il a Ã©tÃ© stockÃ© dans les graisses) et pendant lâ€™allaitement. Dâ€™oÃ¹ lâ€™importance de maintenir de bons apports en DHA dÃ¨s la grossesse et en post-partum.
Si vous nâ€™allaitez pas, ne vous inquiÃ©tez pas, depuis 2020, en Europe, il est obligatoire dâ€™ajouter du DHA dans les laits infantiles.<br><br>

ğŸŸ **Comment consommer assez de DHA ?**<br>
Pendant la grossesse, les besoins en DHA sont compris entre 250 et 500 mg par jour. Pour en consommer suffisamment, la majeure source naturelle dans lâ€™alimentation est le poisson gras (et un peu le jaune dâ€™Å“uf). 
Il suffit de consommer une seule portion de poisson gras par semaine (maquereau, saumon ou sardine), soit entre 100 et 150g, pour avoir un apport adÃ©quat en DHA !
Si vous ne consommez pas de poisson gras, parlez-en Ã  votre professionnel de santÃ©, pour quâ€™ils vous proposent des complÃ©ments alimentaires qui contiennent du DHA (il en existe mÃªme des vegan Ã  base de micro-algues).<br><br>

âœ…**Vous lâ€™avez compris <u>le DHA est essentiel pendant la grossesse et aprÃ¨s !</u>**<br>
Alors nâ€™hÃ©sitez pas Ã  consulter nos recettes Ã  base de poisson gras ci-dessous !",2023-08-10 16:53:51,2023-08-11 05:01:36,0,2023-08-10,/images/articles/DHA_poisson_article.png,1
40,Bien bouger pour ma santÃ© et celle de mon bÃ©bÃ© !,"**Bouger un peu, chaque jour**, enceinte, câ€™est possible et câ€™est mÃªme recommandÃ© (sauf contre-indication mÃ©dicale) ! <br>
La pratique **rÃ©guliÃ¨re** dâ€™une activitÃ© physique est **essentielle** Ã  votre santÃ© et Ã  celle de votre **bÃ©bÃ©**. <br>
Alors, sans vous lancer dans un triathlon, nous vous donnons **quelques astuces pour bien bouger** tout au long de votre grossesse. <br><br>

ğŸƒğŸ»â€â™€ï¸**Comment bouger enceinte ?**<br>
Pratiquer une activitÃ© physique ne signifie pas faire du sport Ã  haute intensitÃ©. <br>De nombreuses activitÃ©s sont adaptÃ©es Ã  la grossesse : la **marche**, la **natation**, la **danse**, le **vÃ©lo dâ€™appartement**, le **yoga**, lâ€™**aquagym** ou le **fitness**. <br>Vous pouvez pratiquer ces activitÃ©s en **groupe** ou en **famille** pour les rendre plus agrÃ©ables !<br>
Pour Ãªtre bÃ©nÃ©fique, lâ€™activitÃ© physique doit Ãªtre dâ€™intensitÃ© modÃ©rÃ©e. Le **Â« test de la parole Â»** est un bon indicateur, si vous pouvez parler mais pas chanter lorsque vous bougez, alors votre activitÃ© est dâ€™intensitÃ© modÃ©rÃ©e.<br><br>
ğŸ’¡ *Si, avant votre grossesse, vous pratiquiez des activitÃ©s Ã  forte intensitÃ© ou avec des risques de chutes ou de contacts (sports de combat ou collectifs), il est prÃ©fÃ©rable dâ€™Ã©changer avec votre professionnel de santÃ© qui vous donnera des recommandations adaptÃ©es !*<br><br>

ğŸ§­ **Combien de temps bouger enceinte ?**<br>
Enceinte, il est recommandÃ© d'avoir une activitÃ© physique pendant **au moins 2h30 dans la semaine**. <br>
Mais, pas de panique, il ne sâ€™agit de marcher ou de nager pendant 2h30 en continu. Vous pouvez **prÃ©voir 2 ou 3 jours** avec une pratique de **30 min Ã  1h**, tout en bougeant un peu les autres jours (monter les escaliers, marcher quelques minutes, etc.). <br>
Chaque activitÃ© compte, lâ€™essentiel est de **limiter le temps** que vous passez **assise ou couchÃ©e** dans la journÃ©e !<br>
Par exemple, **dans une semaine**, vous pouvez :<br>
-	*marcher pendant 1h* le samedi et le dimanche, <br>
-	*ajouter une sÃ©ance de gym* en piscine ou en salle dans la semaine. <br>
-	*faire de petits exercices de renforcement musculaire* Ã  la maison et dans votre vie de tous les jours en faisant du jardinage ou en lavant les vitres. <br><br>
*ğŸ’¡Si vous ne pratiquez que la marche et que vous Ã©tiez peu active, fixez-vous de petits objectifs pour augmenter progressivement votre activitÃ© pour aller vers une durÃ©e de 35min/j (soit 3500 pas) au 2e trimestre et de 45 min/j (soit 4 500 pas) au 3e trimestre.* <br><br>

ğŸ’š **Pourquoi bouger enceinte ?**<br>
Les **bÃ©nÃ©fices** de lâ€™activitÃ© physique sont **nombreux** pendant la grossesse **<u>pour vous et pour bÃ©bÃ©</u>**. <br>
Contrairement aux idÃ©es reÃ§ues, la pratique dâ€™une activitÃ© physique pendant la grossesse **nâ€™augmente <u>pas</u> le risque de complications** ou de fausses couches.<br>
Pratiquer une activitÃ© physique rÃ©guliÃ¨re pendant la grossesse permet de :<br>
- rÃ©duire le risque de prendre trop de **poids**,<br>
- rÃ©duire le risque de **diabÃ¨te gestationnel** et dâ€™**hypertension**,<br>
- faciliter lâ€™**accouchement**.<br><br>


â˜€ï¸Alors, n'hÃ©sitez pas Ã  **bouger un peu chaque jour,** c'est **bon pour votre bÃ©bÃ©,** **votre santÃ© et pour votre moral** !  â˜€ï¸",2023-08-18 06:34:46,2023-08-18 06:47:21,0,2023-08-18,/images/articles/Femme_enceinte_active.png,1
41,5 astuces riches en vitamines et minÃ©raux pour assaisonner vos salades,"â˜€ï¸Câ€™est lâ€™Ã©tÃ©, et avec les tempÃ©ratures actuelles, vous avez sÃ»rement envie de **manger bien frais**. <br>
ğŸ¥— Alors, quoi de mieux quâ€™une salade composÃ©e ? Nous vous partageons **5 astuces simples et bon marchÃ©** pour que les **assaisonnements** de vos salades soient au TOP pour maman et bÃ©bÃ© ! <br><br>

**ğŸ¥„1. Assaisonnez avec de lâ€™huile de colza**<br>
Elle est **moins coÃ»teuse** que lâ€™huile de tournesol, et beaucoup plus intÃ©ressante sur le plan nutritionnel. Elle vous apporte des **omÃ©ga 3 vÃ©gÃ©taux**, qui ont des propriÃ©tÃ©s anti-inflammatoires et sont essentiels pour la santÃ© de votre cÅ“ur. <br>
Ajoutez simplement **une cuillÃ¨re Ã  soupe** sur votre salade et prÃ¨s dâ€™**un tiers de vos besoins en omega 3** vÃ©gÃ©taux sont couverts ! <br>
**Lâ€™huile dâ€™olive** ne contient pas dâ€™omega 3, mais prÃ©sente beaucoup dâ€™autres bienfaits pour votre santÃ©. Elle est moins sensible Ã  la chaleur que lâ€™huile de colza, vous pouvez donc **lâ€™utiliser plutÃ´t pour assaisonner des lÃ©gumes cuits** ! <br><br>

**ğŸ‹ 2. Ajoutez un jus de citron ou dâ€™orange** <br>
Ces agrumes ont un jus particuliÃ¨rement **riche en vitamine C**, qui a des propriÃ©tÃ©s anti-oxydantes, contribue Ã  rÃ©duire la fatigue et Ã  soutenir votre immunitÃ©. <br>
En plus, **la vitamine C aide Ã  lâ€™absorption du fer dâ€™origine vÃ©gÃ©tale** ! Donc, si votre salade contient des aliments comme les lentilles ou les pois chiches, cela vous permettra de mieux absorber le fer quâ€™ils contiennent. <br><br>

**ğŸ§‚ 3. Salez lÃ©gÃ¨rement mais avec du sel iodÃ©**<br>
Une **petite pincÃ©e de sel iodÃ©** sur votre salade permet de couvrir **10% de vos besoins en iode**. <br>
Lâ€™iode est un des nutriments les plus importants pendant la grossesse. Il permet la synthÃ¨se de certaines de vos hormones et assure le dÃ©veloppement du systÃ¨me nerveux du bÃ©bÃ©.
Des apports suffisants en iode sont mÃªme liÃ©s Ã  un **meilleur dÃ©veloppement intellectuel de lâ€™enfant**. <br>
En France, plus de la moitiÃ© des *sels vendus en supermarchÃ©* sont <u>enrichis en iode</u> ! En favorisant ce type de sel, vous augmenterez vos apports en iode. <br>
***Attention Ã  ne pas abuser du sel (mÃªme sâ€™il est iodÃ©)***, car nous avons tous tendance Ã  en ajouter beaucoup trop : **une petite pincÃ©e, câ€™est parfait !** <br><br>

**ğŸ«˜4. Ajoutez des graines de tournesol**<br>
Parmi les graines, ce sont les **moins coÃ»teuses** et les plus riches en **vitamine B9** (ou folates). <br>
**2 cuillÃ¨res Ã  soupe** ajoutÃ©es Ã  votre salade (soit environ 10g) couvrent **10% de vos besoins en vitamine B9**. <br>
La vitamine B9 est essentielle pendant toute la grossesse pour rÃ©duire la fatigue, permettre la formation des globules rouges du sang, soutenir lâ€™immunitÃ© et permettre le bon dÃ©roulement de la grossesse et le dÃ©veloppement du bÃ©bÃ© ! <br><br>

**âœ¨5. Saupoudrez de levure alimentaire**<br>
La levure alimentaire (aussi appelÃ©e levure de biÃ¨re ou levure maltÃ©e) est une **petite bombe de vitamines** (B1, B2, B3, B5, et B9) mais aussi de minÃ©raux (calcium, phosphore). 
Avec simplement, une cuillÃ¨re Ã  soupe sur votre salade, vous couvrirez **15% de vos besoins en vitamine B9** et plus de **100% de vos besoins en vitamine B1**. <br><br>

**VoilÃ , vous avez pleins dâ€™astuces pour des assaisonnements simples et riches en nutriments pour des salades au TOP pour maman et bÃ©bÃ© !**",2023-08-25 15:13:52,2023-08-25 15:21:19,0,2023-08-25,/images/articles/Assaisonnement_salade.png,1
42,"Amandes, noix, noisettes : la collation parfaite pour calmer les fringales !","ğŸ¤°ğŸ»***Vous avez souvent des fringales ? tendance Ã  grignoter du sucrÃ© ?***<br>
ğŸŒ°**Une solution** : une **petite poignÃ©e de fruits Ã  coque** (amandes, noix, noisettes, etc.) ! pour **gÃ©rer vos fringales** (et votre prise de poidsğŸ˜‰) avec une **collation super saine** ! 
<br><br><br>

**ğŸ¤°ğŸ½ Plus rassasiants quâ€™un gÃ¢teau, des biscuits ou du chocolat**<br>
Tous les fruits Ã  coque sont riches en **fibres**, en **bonnes graisses** et en **protÃ©ines**, et contiennent **trÃ¨s peu de sucres**. <br>
Ainsi, ils ne font pas monter votre glycÃ©mie super rapidement. **Ils vous calent** pour tenir jusquâ€™au dÃ®ner ou au dÃ©jeuner ! <br>
***Essayez !*** AprÃ¨s avoir mangÃ© une poignÃ©e dâ€™amandes ou de noisettes, vous nâ€™aurez bien moins faim qu'aprÃ¨s avoir mangÃ© une barre chocolatÃ©e ! <br><br>


**âœ… Un concentrÃ© de vitamines et minÃ©raux pour la grossesse** <br>
Tous les fruits Ã  coque contiennent **beaucoup de vitamines et minÃ©raux**, mais chacun a son atout principal :<br>

- Pour les **<u>noisettes</u>** : câ€™est le **magnÃ©sium**, qui aide Ã  *diminuer la fatigue* et au *relÃ¢chement des muscles* (utile pour les **crampes** et la **constipation**) ! <br>
- Pour les **<u>amandes</u>** : câ€™est la **vitamine B9 (folates)**, trÃ¨s importante au 1er trimestre pour le *bon dÃ©veloppement du bÃ©bÃ©*, et le **calcium**, trÃ¨s important au 3e trimestre car *les os du bÃ©bÃ©* se dÃ©veloppent beaucoup. <br>
- Pour les **<u>cacahuÃ¨tes</u>** : câ€™est la **vitamine B3** et le **sÃ©lÃ©nium** qui contribuent Ã  la *santÃ© des cheveux et des ongles*, pour lâ€™un, et de *la peau* pour lâ€™autre. <br>
- Pour les **<u>pistaches</u>** : câ€™est le **potassium** qui aide Ã  maintenir une *pression sanguine* normale ! <br><br>

**ğŸ… La mÃ©daille dâ€™or pour les noix**<br>
Les **<u>noix</u>** sont **LES fruits Ã  coques les plus riches en omÃ©ga 3** vÃ©gÃ©taux, bons pour votre cÅ“ur <br>
Avec **1 poignÃ©e de noix** (soit une dizaine de cerneaux), vous couvrez quasiment **100% des besoins en omÃ©ga 3 vÃ©gÃ©taux de la grossesse**. <br>
Une Ã©tude rÃ©cente vient mÃªme de montrer quâ€™Ã  lâ€™Ã¢ge de 2 ans, les **enfants** dont les mamans avaient consommÃ© des noix et de lâ€™huile dâ€™olive, en suivant un rÃ©gime mÃ©diterranÃ©en pendant leur grossesse, avaient un **meilleur dÃ©veloppement du cerveau** ğŸ§  ! <br><br><br>

âœ…***Alors, vous lâ€™aurez compris ! Les fruits Ã  coque sont <u>bons pour bÃ©bÃ©</u> car ils apportent beaucoup de nutriments essentiels et <u>bons pour vous</u> car ils vous aident Ã  gÃ©rer votre faim avec une collation saine !*** <br><br>

**ğŸ‘©ğŸ»â€âš•ï¸<u>Notre conseil</u>** : une **petite poignÃ©e par jour** en variant entre amandes, noix, noisettes, etc. et les choisissant <u>**non salÃ©s**</u> ! <br>",2023-08-31 15:40:12,2023-08-31 15:54:18,0,2023-08-31,/images/articles/Poignee_noix_noisettes_amandes.png,1
43,Mon assiette Ã©quilibrÃ©e Ã  petit budget !,"ğŸ¥—***Il nâ€™est pas toujours Ã©vident dâ€™Ã©quilibrer son assiette !*** ***Mais câ€™est possible, mÃªme avec un petit budget et quoi de mieux quâ€™une image pour sâ€™en rappeler ?*** 
<br><br>

**ğŸ½ï¸Mon assiette Ã©quilibrÃ©e pour ma grossesse (et mÃªme aprÃ¨s)ğŸ½ï¸**<br>
Une **assiette Ã©quilibrÃ©e** câ€™est :<br>
- une **moitiÃ© de lÃ©gumes** (crus ou cuits) <br>
- un **quart de protÃ©ines** (*poisson, Å“ufs, lÃ©gumineuses, viande ou volaille*) <br>
- un **quart de cÃ©rÃ©ales** (pÃ¢tes, riz, semoule, etc.) ou pommes de terre <br>
Vous pouvez y ajouter **un fruit** et/un **produit laitier** et le menu est complet !<br><br>
*En dÃ©but de grossesse, vous pouvez consommer une assiette Â« classique Â», puis ajoutez une ou 2 cuillÃ¨res de cÃ©rÃ©ales, lÃ©gumes et protÃ©ines au fil des mois de grossesse.*<br><br>

![assiette_equilibree_budget.png](https://drive.google.com/uc?id=1Rb_xjRR5jxUwjuMA4SwZEfVjTdF4zqBL)<br><br>



**ğŸ’°Utiliser des aliments au TOP pour la nutrition et pour le budgetğŸ’°**<br>
Pendant la grossesse et aprÃ¨s lorsque bÃ©bÃ© commencera Ã  manger comme vous, il est **important de faire le plein de nutriments (vitamines, minÃ©raux, fibres, etc.)**. Et câ€™est possible **sans exploser son budget**.<br>
Il existe des aliments qui sont de **petits prix** par rapport Ã  tous les **bÃ©nÃ©fices nutritionnels** quâ€™ils apportent.<br><br>

Voici la **liste des aliments TOP nutrition & budget** que vous pouvez consommer enceinte :<br>

ğŸ¥¦<u>**LÃ©gumes**</u>:<br>
-	*Automne- Hiver* : Brocoli, Choux-fleur, Choux de Bruxelles, Carottes<br>
-	*Printemps-Ã‰tÃ©* : Tomate, Radis, Laitue romaine<br>
-	*En conserve ou surgelÃ©s (si on manque de temps)* : Ã©pinards (le lÃ©gume le plus riche en vitamines & minÃ©raux), petits-pois & carottes. <br><br>

ğŸŠ<u>**Fruits**</u>:<br>
-	*Automne-Hiver* : Kiwi, oranges, mandarine, pommes, poires<br>
-	*Printemps-EtÃ©* : Melon, abricot, pÃªche, nectarine<br>
-	*En surgelÃ©s* : MÃ©lange de fruits rouges<br><br>

ğŸœ<u>**CÃ©rÃ©ales & pommes de terre**</u>:<br>
-	PÃ¢tes semi-complÃ¨tes<br>
-	Graines de couscous ou semoule<br>
-	Riz semi-complet<br>
-	Pommes de terre<br><br>

ğŸ³<u>**ProtÃ©ines**</u>:<br>
-	*LÃ©gumineuses* : lentilles, pois chiches, haricots rouges, haricots blancs<br>
-	*Å’ufs* : durs, brouillÃ©s, omelette<br>
-	*Poisson* : colin, sardine, maquereau (en boÃ®te ou frais)<br>
-	*Volaille* : filet de dinde, jambon de dinde<br><br>

ğŸ§€<u>**Produits laitiers**</u>:<br>
-	Yaourt nature<br>
-	Fromage blanc nature<br>
-	Ricotta, mozzarella<br>
-	Emmental (Ã  rÃ¢per soi-mÃªme)<br><br>


ğŸ›’**Alors, vous avez pu faire votre liste de courses ?** <br>
**Nâ€™hÃ©sitez pas Ã  consulter les recettes ci-dessous pour vous inspirer !**",2023-09-08 16:40:06,2023-09-08 17:05:37,0,2023-09-08,/images/articles/Assiette_equilibree_budget.png,1
44,"Manque de fer, anÃ©mie : que faire pendant la grossesse ?","***ğŸ‘©ğŸ»â€âš•ï¸Votre sage-femme ou votre gynÃ©cologue vous a diagnostiquÃ© un manque de fer ou de lâ€™anÃ©mie ? <br>
Vous nâ€™Ãªtes pas la seule, une majoritÃ© de femmes enceintes sont carencÃ©es en fer, notamment au 3e trimestre, car les besoins augmentent fortement. <br>
Voici quelques astuces et conseils qui vous aideront Ã  booster vos apports en fer !***
  
<br><br>

**ğŸ©¸AnÃ©mie, carence en fer : quelle diffÃ©rence ?**<br>
Une **<u>carence en fer</u>** signifie que vos rÃ©serves de fer sont trop faibles, pour le dÃ©terminer, on mesure la ferritine lors dâ€™une **prise de sang**. En France, entre **60 et 80% des femmes enceintes** sont carencÃ©es en fer. <br>
Lâ€™ **<u>anÃ©mie Â« ferriprive Â»</u>** correspond Ã  un taux dâ€™**hÃ©moglobine** trop faible dans le sang associÃ© Ã  une **carence en fer**. Elle est un peu moins frÃ©quente et touche **25% des femmes enceintes** en France. <br>
Dans les deux cas, vous pouvez Ãªtre **trÃ¨s fatiguÃ©e**, **essoufflÃ©e**, **avoir des vertiges**, **des maux de tÃªte** et des **ongles et cheveux cassants**. Le manque de fer peut Ã©galement avoir des impacts nÃ©gatifs sur le dÃ©veloppement et la santÃ© du bÃ©bÃ©.<br>
Câ€™est pourquoi, **il est important d'agir sur la carence en fer.**<br><br>
<br><br>
**ğŸ¤°ğŸ»Que faire pour limiter le manque de fer ?** <br>
Si vous avez Ã©tÃ© diagnostiquÃ©e dâ€™une **carence en fer** ou dâ€™une **anÃ©mie**, il est important de **continuer Ã  prendre le supplÃ©ment de fer** qui vous a Ã©tÃ© prescrit par votre sage-femme ou votre gynÃ©cologue. <br>
Parfois, les supplÃ©ments de fer peuvent vous *constiper* ou vous *donner des nausÃ©es*. Si câ€™est le cas, <u>parlez-en rapidement Ã  votre sage-femme ou votre gynÃ©cologue</u> pour quâ€™il adapte le traitement et que vous ayez moins dâ€™effets secondaires !<br>
Au-delÃ  du supplÃ©ment de fer, vous pouvez Ã©galement **favoriser les aliments riches en fer**. Lâ€™idÃ©al serait mÃªme de consommer des aliments riches en fer dÃ¨s le dÃ©but de la grossesse (et mÃªme avant) pour **sâ€™assurer dâ€™avoir de bonnes rÃ©serves** !<br><br><br><br>

**ğŸ¥© Les aliments riches en fer : la viande rouge mais pas seulement**<br>
Parmi les aliments les plus riches en fer qui peuvent Ãªtre consommÃ©s pendant la grossesse, le **boudin noir** remporte la premiÃ¨re place (et de loin !), suivi des **fruits de mer cuits** (poulpe, calmar, palourde) et de la **viande de bÅ“uf** (Ã  consommer bien cuite). 
<br>
Du cÃ´tÃ© des produits vÃ©gÃ©taux, les **lÃ©gumineuses** (*pois chiches, lentilles, pois cassÃ©s*, etc.) et les **flocons dâ€™avoine** sont dâ€™excellentes sources de fer. Le fer d'origine vÃ©gÃ©tale est moins bien absorbÃ© par le corps que le fer d'origine animale (par exemple, 25% du fer de la viande est absorbÃ© contre 5% pour les lentilles). <br>
Pour **augmenter lâ€™absorption du fer vÃ©gÃ©tal**, vous pouvez le consommer avec de la **vitamine C**. 
<br>Par exemple, un jus de citron pour assaisonner une salade de lentilles, un jus dâ€™orange sur des pois chiches ou simplement finir le repas par des kiwis riches en vitamine C.<br>
Les **graines olÃ©agineuses** (*amandes, noisettes, noix de cajou*, mais aussi *graines de sÃ©same, de lin, de tournesol*, etc.) et le **chocolat noir Ã  70%** contiennent Ã©galement beaucoup de fer mais sont Ã  consommer en petites quantitÃ©s car riches en Ã©nergie.<br><br>

ğŸ’¡ **IdÃ©e de collation riche en fer :** une vingtaine dâ€™<u>amandes</u> ou <u>noisettes</u> et un carrÃ© de <u>chocolat noir Ã  70%</u> ! <br><br><br><br>



âœ…Vous savez dÃ©sormais que **vous nâ€™Ãªtes vraiment pas seule Ã  manquer de fer** et quâ€™entre la **supplÃ©mentation** prescrite par votre sage-femme ou votre gynÃ©cologue, et une **alimentation plus riche en fer**, vous avez toutes les chances de remonter vos stocks de fer ! <br>
**Pour trouver des idÃ©es de plats, nâ€™hÃ©sitez pas Ã  consulter <u>[nos recettes riches en fer ](https://www.9moisacroquer.fr/recipeMedal/7)</u>** <br><br>",2023-09-15 15:55:08,2023-09-15 16:12:51,0,2023-09-15,/images/articles/aliments_fer.png,1
45,3 astuces pour rÃ©duire la constipation pendant la grossesse,"La **constipation est frÃ©quente pendant la grossesse**, surtout au 1er et au 2e trimestres. Cette sensation extrÃªmement dÃ©sagrÃ©able peut vous gÃªner au quotidien! <br>
Nous vous partageons **3 astuces** qui vous aideront Ã  **amÃ©liorer votre transit** et Ã  **limiter la constipation** !
  
<br><br>

**ğŸ’¦ Boire assez dâ€™eau : la premiÃ¨re solution contre la constipation**<br>
Si vous Ãªtes constipÃ©e, votre premier rÃ©flexe est de **boire assez dâ€™eau** au cours de la journÃ©e, car le manque dâ€™hydratation favorise la constipation ! <br>
Cela peut Ãªtre de lâ€™**eau fraÃ®che** ou des **tisanes**. Lâ€™essentiel est de **boire 1,5 Ã  2L dâ€™eau par jour**. <br>
Les **eaux minÃ©rales riches en magnÃ©sium** (type HÃ©parÂ®, RozanaÂ® ou ContrexÂ®) favorisent le transit, vous pouvez essayer si la consommation d'eau du robinet ne suffit pas Ã  rÃ©duire la constipation. Vous pouvez choisir une eau plate ou gazeuse en fonction de vos prÃ©fÃ©rences. Si vous sentez que vous supportez mal lâ€™eau gazeuse (ballonnements ou maux dâ€™estomac), essayez lâ€™eau plate.<br>
Pour en savoir plus, nâ€™hÃ©sitez pas Ã  consulter notre article sur **<u>[lâ€™hydratation pendant la grossesse.](https://www.9moisacroquer.fr/articles/2)</u>** <br><br>

**ğŸ«› Les fibres, des alliÃ©es de votre transit** <br>
Si vous ne mangez pas assez de **fibres**, cela peut ralentir votre transit. <br>
Pour augmenter vos apports en fibres, vous pouvez consommer davantage de **fruits et lÃ©gumes**, de **lÃ©gumineuses** et de **cÃ©rÃ©ales/fÃ©culents complets (ou semi-complets)**.<br>
Pendant la grossesse, il est conseillÃ© de consommer au **minimum 30 g de fibres par jour.** <br>
Voici quelques exemples Ã  mettre au menu pour augmenter les apports en fibres :
- 200g de **pois chiches** ou de **lentilles cuites** = **50%** des apports recommandÃ©s<br>
- 1 assiette (env. 200g) de **carottes**, **haricots verts** ou **Ã©pinards** cuits = **30%** des apports recommandÃ©s<br>
- 1 assiette de **pÃ¢tes ou riz complets** = **25%** des apports recommandÃ©s<br>
- 1 **poire**, 1 **pomme** ou 100g de **fruits rouges** = **15%** des apports recommandÃ©s<br>
- Une poignÃ©e dâ€™**amandes** = **10%** des apports recommandÃ©s<br>
Vous pourrez trouver des idÃ©es de **<u>[recettes riches en fibres sur lâ€™application.](https://www.9moisacroquer.fr/recipeMedal/6)</u>** <br><br>

ğŸ’¡ **<u>Petit truc en plus</u>** ğŸ’¡<br> Certains petits ingrÃ©dients comme les **graines de lin**, les **graines de chia**, les **flocons dâ€™avoine** ou le **son dâ€™avoine** sont particuliÃ¨rement efficaces pour rÃ©duire la constipation car trÃ¨s riches en fibres. Vous pouvez en ajouter 1 ou 2 cuillÃ¨res Ã  soupe dans une compote ou dans un yaourt !<br><br>


**ğŸŠğŸ»â€â™€ï¸ Lâ€™activitÃ© physique, trÃ¨s efficace contre la constipation**<br>
Avoir une **activitÃ© physique** permet dâ€™**amÃ©liorer la digestion et le transit**. <br>
Pendant la grossesse, on recommande de pratiquer une activitÃ© physique modÃ©rÃ©e, **2h30 par semaine ou plus Ã  rÃ©partir en plusieurs sÃ©ances** (*<u>sauf si contre-indication mÃ©dicale</u>*). 
Vous pouvez varier les activitÃ©s : **marche**, **nage**, **vÃ©lo dâ€™appartement**, **yoga**, **gym douce**, **renforcement musculaire**.<br>
Si vous bougez peu, commencez par marcher un peu plus chaque jour, montez les escaliers, pour progressivement bouger de plus en plus. <br>
Vous verrez, vous vous sentirez mieux, cela rÃ©duira la constipation, et aura aussi des **effets bÃ©nÃ©fiques pour le bÃ©bÃ©**.<br>
Vous pouvez consulter notre **<u>[article sur lâ€™activitÃ© physique pendant la grossesse]( https://www.9moisacroquer.fr/articles/40)</u>** <br><br>


ğŸ‘©ğŸ»â€âš•ï¸**Si la constipation vous gÃªne trop au quotidien, parlez-en Ã  votre professionnel de santÃ© et <u>ne prenez pas de mÃ©dicaments laxatifs sans avis mÃ©dical.</u>**<br><br>

âœ…Nous espÃ©rons que ces **3 astuces** vous aideront Ã  **vous sentir mieux**.  <br>
Dans tous les cas, une bonne **hydratation**, une consommation suffisante de **fibres** et une **activitÃ© physique** rÃ©guliÃ¨re sont **bÃ©nÃ©fiques pour votre santÃ© et celle de votre bÃ©bÃ©** !",2023-10-22 15:02:23,2023-10-22 15:13:19,0,2023-10-22,/images/articles/Constipation.png,1
46,10 conseils clÃ©s pour mieux gÃ©rer son diabÃ¨te gestationnel,"Si vous avez Ã©tÃ© diagnostiquÃ©e dâ€™un diabÃ¨te gestationnel, nous vous rappelons que ***9 mois Ã  croquer*** nâ€™a pas Ã©tÃ© spÃ©cifiquement conÃ§u pour le diabÃ¨te gestationnel. <br>
Vous trouverez simplement ci-dessous 10 conseils gÃ©nÃ©raux qui pourront vous aider Ã  gÃ©rer votre diabÃ¨te gestationnel. <br><br>
1ï¸âƒ£ **Suivez les conseils de votre professionnel de santÃ© ğŸ‘©ğŸ»â€âš•ï¸**<br>
Il est important que vous suiviez les recommandations qui vous sont donnÃ©es par les professionnels de santÃ© qui vous suivent. <br>
Ils sont les mieux placÃ©s pour vous proposer les adaptations alimentaires et le traitement qui vous correspondent. <br>
Si vous souhaitez Ãªtre accompagnÃ©e pour adapter votre alimentation, vous pouvez leur demander quâ€™ils vous orientent vers une diÃ©tÃ©ticienne formÃ©e au diabÃ¨te gestationnel. <br><br>
2ï¸âƒ£ **Surveillez votre glycÃ©mieğŸ©¸**<br>
Cela vous permet de vous assurer que vous nâ€™Ãªtes pas en hypoglycÃ©mie (<0,7g/L) ou en hyperglycÃ©mie. <br>
Voici les valeurs cibles pour vos glycÃ©mies en fonction du moment du repas :
- â‰¤ 0,95g/L (Ã  jeun) <br>
- â‰¤ 1,40g/L (1h aprÃ¨s le dÃ©but du repas) <br>
- â‰¤ 1,20g/L (2h aprÃ¨s le dÃ©but du repas) <br>
Si votre glycÃ©mie est au-dessus de ces valeurs, il est probable que le repas prÃ©cÃ©dent contenait trop de sucres et peu de fibres. Vous pouvez adapter sur le repas suivant en privilÃ©giant des aliments Ã  faible indice glycÃ©mique (comme expliquÃ© ci-dessous).<br><br>

3ï¸âƒ£**Favorisez les aliments avec un indice glycÃ©mique faible ou modÃ©rÃ© ğŸ¥¬** <br>
Lâ€™indice glycÃ©mique dâ€™un aliment va de 0 Ã  100, et indique la capacitÃ© dâ€™un aliment Ã  faire monter rapidement votre glycÃ©mie. Dans le cas du diabÃ¨te, ces aliments sont Ã  limiter pour Ã©viter que la glycÃ©mie monte trop haut puis chute trÃ¨s vite.
Les aliments Ã  indice glycÃ©mique faible ou modÃ©rÃ© sont : les lÃ©gumes, les lÃ©gumineuses, les Å“ufs, le poisson, la viande, les fÃ©culents complets, les fruits Ã  coques et les fruits. <br><br>

4ï¸âƒ£**Ne supprimez pas totalement les produits sucrÃ©s Ã  fort indice glycÃ©miqueğŸ«**<br>
Vous pouvez continuer Ã  consommer des aliments sucrÃ©s qui vous font **plaisir**. <br>
 Il est simplement nÃ©cessaire de les consommer **en petites quantitÃ©s** et de ne pas les multiplier dans la journÃ©e. <br>
Il est prÃ©fÃ©rable de les intÃ©grer dans un repas qui contient dâ€™autres aliments avec un indice glycÃ©mique plus faible. <br>
Il est possible de consommer, de temps en temps, en dessert : *2 boules de sorbet*, *une crÃ¨me dessert*, *une tartelette aux fruits*.  <br>
**VÃ©rifiez votre glycÃ©mie pour vous assurer quâ€™elle reste dans les valeurs cibles**. <br><br>

5ï¸âƒ£**Associez des aliments riches en glucides avec des aliments riches en fibres ğŸ«“**<br>
Si vous souhaitez consommer un **aliment avec un indice glycÃ©mique Ã©levÃ©** (pain blanc, riz blanc, confiture, chocolat), il est prÃ©fÃ©rable de **lâ€™associer avec un autre aliment riche en fibres**. Par exemple : <br>
-	Riz blanc avec lÃ©gumes cuits<br>
-	Pain blanc avec cruditÃ©s<br>
-	Confiture avec pain complet ou aux cÃ©rÃ©ales<br>
-	Chocolat avec quelques amandes ou noisettes<br><br>

6ï¸âƒ£**PrivilÃ©giez le fait-maison par rapport aux aliments industriels trÃ¨s transformÃ©s ğŸ¥£**<br>
Les aliments **industriels trÃ¨s transformÃ©s** ont souvent un **indice glycÃ©mique Ã©levÃ©** et contiennent des *sucres ajoutÃ©s* ou des *additifs*. <br>
Il vaut mieux privilÃ©gier leur **version maison** ou des **alternatives moins transformÃ©es**. Par exemple : <br>
-	Remplacez les chips par des amandes, pistaches ou cacahuÃ¨tes<br>
-	Remplacez les corn flakes par du muesli ou du pain aux cÃ©rÃ©ales avec du beurre de cacahuÃ¨tes<br>
-	PrÃ©parez des pommes de terre au four au lieu de la purÃ©e en flocons<br>
-	PrÃ©parez nos recettes de poisson trÃ¨s simples au lieu du poisson panÃ©. <br><br>

7ï¸âƒ£**Evitez de sauter des repas ğŸ½ï¸**<br>
Pour Ã©viter les hypo- et les hyperglycÃ©mies, il est prÃ©fÃ©rable de faire **3 repas par jour** : petit-dÃ©jeuner, dÃ©jeuner et dÃ®ner accompagnÃ©s, si besoin, dâ€™ **une ou 2 collations** (vous pouvez consulter notre <u>**[ article sur le fractionnement des repas](https://www.9moisacroquer.fr/articles/3)**</u>
). <br>
Si vous sautez un repas, vous restez Ã  jeun trop longtemps, et cela favorise les hypoglycÃ©mies. Il est Ã©galement probable que vous ayez davantage faim et que vous mangiez plus au repas suivant, ce qui peut favoriser les hyperglycÃ©mies. <br><br>

8ï¸âƒ£**En cas dâ€™hypoglycÃ©mie, pratiquez le resucrage ğŸ¯**<br>
Si vous faites une hypoglycÃ©mie, il est conseillÃ© de **pratiquer le Â« *resucrage* Â»**, câ€™est-Ã -dire de consommer une portion de 15 Ã  20g de glucides avec peu de fibres et de graisses. <br>
Par exemple : 1 petit verre ou une brique de **jus de fruits**, 3 ou 4 **morceaux de sucre**, ou 1 cuillÃ¨re Ã  soupe de **miel** ou de confiture. <br>*
Une fois que votre glycÃ©mie est dans les valeurs cibles, vous pouvez consommer un aliment riche en fibres (pain complet, amandes, etc.) pour stabiliser votre glycÃ©mie jusquâ€™au prochain repas. <br><br>
 
9ï¸âƒ£**Choisissez des matiÃ¨res grasses de bonne qualitÃ© nutritionnelleğŸ«’**<br>
Pour les assaisonnements, privilÃ©giez les **huiles dâ€™olive** et de **colza**, elles contiennent moins dâ€™acides gras saturÃ©s et permettent un **meilleur contrÃ´le de la glycÃ©mie** que le beurre. <br><br>
 
ğŸ”Ÿ**Pratiquez une activitÃ© physique rÃ©guliÃ¨reğŸƒğŸ»â€â™€ï¸**<br>
Il est prouvÃ© quâ€™avoir une **activitÃ© physique** pendant la grossesse est **bÃ©nÃ©fique** pour **votre santÃ©** et pour le **dÃ©veloppement du bÃ©bÃ©**. Cela permet Ã©galement de **mieux rÃ©guler votre glycÃ©mie et votre faim**, ce qui est particuliÃ¨rement important dans le cas du diabÃ¨te gestationnel. 
<br> *<u>Sauf contre-indication de votre mÃ©decin</u>, essayez de pratiquer une **activitÃ© physique modÃ©rÃ©ment intense**, pendant **2h30** par semaine minimum. <br>
Pour en savoir plus sur lâ€™activitÃ© physique pendant la grossesse, vous pouvez consulter notre article : <u>**[Bien bouger pour ma santÃ© et celle de mon bÃ©bÃ©](https://www.9moisacroquer.fr/articles/40)**</u>
<br><br><br><br>


âœ…Nous espÃ©rons que ces **10 conseils** vous aideront Ã  **mieux vivre votre diabÃ¨te gestationnel**. <br>
Nâ€™hÃ©sitez pas Ã  partager vos interrogations avec votre gynÃ©cologue ou votre endocrinologue, qui pourra vous orienter vers un diÃ©tÃ©ticien si nÃ©cessaire.",2023-10-31 19:31:30,2023-10-31 19:33:51,0,2023-10-31,/images/articles/Diabete_gesta.png,1
47,Article de test,Ceci est un test,2023-12-10 08:58:51,2023-12-10 09:00:55,1,2023-12-10,/images/articles/flowers-19830_1280.jpg,1
